tile_id,slide,scale,kind,n_boxes,label_sha,img_bytes,verified,source,note
10x/A2FD_1_10x_0013975_0041065,A2FD_1,10x,pos,1,f76c7262a83939bc,1341607,yes,allowlist_default,
10x/A2FD_1_10x_0015593_0052566,A2FD_1,10x,pos,1,b5d485a95661a730,1759097,yes,allowlist_default,
10x/A2FD_1_10x_0015628_0050087,A2FD_1,10x,pos,3,a8000b74a53bb24f,1883311,yes,allowlist_default,
10x/A2FD_1_10x_0017349_0049873,A2FD_1,10x,pos,2,914c9c7fb9220a9b,1647909,yes,allowlist_default,
10x/A2FD_1_10x_0018235_0072105,A2FD_1,10x,pos,1,f663ce16d2b6cab2,1420950,yes,allowlist_default,
10x/A2FD_1_10x_0018352_0044759,A2FD_1,10x,pos,1,e19da12f8b24bda3,1686456,yes,allowlist_default,
10x/A2FD_1_10x_0018352_0044759_dup1,A2FD_1,10x,pos,1,e19da12f8b24bda3,1686456,yes,allowlist_default,
10x/A2FD_1_10x_0021126_0040768,A2FD_1,10x,pos,1,d87c9f09dbac97cf,1819046,yes,allowlist_default,
10x/A2FD_1_10x_0021126_0040768_dup1,A2FD_1,10x,pos,1,d87c9f09dbac97cf,1819046,yes,allowlist_default,
10x/A2FD_1_10x_0027191_0067513,A2FD_1,10x,pos,1,bd1bbc0ae5d1e749,1546839,yes,allowlist_default,
10x/A2FD_1_10x_0030535_0034298,A2FD_1,10x,pos,2,d3ca559373b9a9f2,1610863,yes,allowlist_default,
10x/A2FD_1_10x_0030810_0054680,A2FD_1,10x,pos,2,d378de10fb4a3fe5,1208454,yes,allowlist_default,
10x/A2FD_1_10x_0032253_0032773,A2FD_1,10x,pos,5,33b5a1c50989c3ba,1726135,yes,allowlist_default,
10x/A2FD_1_10x_0035600_0059689,A2FD_1,10x,pos,2,d95f66186a39accd,1054181,yes,allowlist_default,
10x/A2FD_1_10x_0036075_0036465,A2FD_1,10x,pos,1,f90c36dcb97041a6,1425416,yes,allowlist_default,
10x/A2FD_1_10x_0037750_0067503,A2FD_1,10x,pos,1,497bee18624ef95c,1606678,yes,allowlist_default,
10x/A2FD_1_10x_0037750_0067503_dup1,A2FD_1,10x,pos,1,497bee18624ef95c,1606678,yes,allowlist_default,
10x/A2FD_1_10x_0038422_0023196,A2FD_1,10x,pos,1,7c38137f142faafc,1555256,yes,allowlist_default,
10x/A2FD_1_10x_0040908_0021878,A2FD_1,10x,pos,1,fb03d33fbc7d7968,1700291,yes,allowlist_default,
10x/A2FD_1_10x_0040908_0021878_dup1,A2FD_1,10x,pos,1,fb03d33fbc7d7968,1700291,yes,allowlist_default,
10x/A2FD_1_10x_0047159_0079059,A2FD_1,10x,pos,1,bf88206fca3757e3,1396278,yes,allowlist_default,
10x/A2FD_1_10x_0047246_0041500,A2FD_1,10x,pos,3,af960bf6c57cbd80,1612129,yes,allowlist_default,
10x/A2FD_1_10x_0047246_0041500_dup1,A2FD_1,10x,pos,3,af960bf6c57cbd80,1612129,yes,allowlist_default,
10x/A2FD_1_10x_0049353_0076051,A2FD_1,10x,pos,1,19f04a8a719a4d59,1313663,yes,allowlist_default,
10x/A2FD_1_10x_0051508_0043531,A2FD_1,10x,pos,2,9ed426e2c12582b4,1822638,yes,allowlist_default,
10x/A2FD_1_10x_0052387_0044350,A2FD_1,10x,pos,2,c466a17719daae9d,1576153,yes,allowlist_default,
10x/A2FD_1_10x_0056622_0070920,A2FD_1,10x,pos,2,f5af460b23a04e24,1420773,yes,allowlist_default,
10x/A2FD_1_10x_0056622_0070920_dup1,A2FD_1,10x,pos,2,f5af460b23a04e24,1420773,yes,allowlist_default,
10x/A2FD_1_10x_0056622_0070920_dup2,A2FD_1,10x,pos,2,f5af460b23a04e24,1420773,yes,allowlist_default,
10x/A2FD_1_10x_0056622_0070920_dup3,A2FD_1,10x,pos,2,f5af460b23a04e24,1420773,yes,allowlist_default,
10x/A2FD_1_10x_0057608_0080042,A2FD_1,10x,pos,1,d3ceffb23f114e3c,1694202,yes,allowlist_default,
10x/A2FD_1_10x_0057608_0080042_dup1,A2FD_1,10x,pos,1,d3ceffb23f114e3c,1694202,yes,allowlist_default,
10x/A2FD_1_10x_0066922_0066400,A2FD_1,10x,pos,3,173169b4db301d67,1614797,yes,allowlist_default,
10x/A2FD_1_10x_0068142_0066655,A2FD_1,10x,pos,3,5eb5ebfdf0783493,1559772,yes,allowlist_default,
10x/A2FD_1_10x_0069875_0067763,A2FD_1,10x,pos,2,977ef90dccb9f9ff,1493673,yes,allowlist_default,
10x/A2FD_1_10x_0071977_0069331,A2FD_1,10x,pos,3,6fb2c32f026caf14,1392288,yes,allowlist_default,
10x/A2FD_1_10x_0073186_0069749,A2FD_1,10x,pos,4,60516a4402b90783,1376008,yes,allowlist_default,
10x/A2FD_1_10x_0074924_0070987,A2FD_1,10x,pos,3,f65a9a39e5e47ae2,1505848,yes,allowlist_default,
10x/A2FD_1_10x_0077380_0061379,A2FD_1,10x,pos,1,3a4a69ec6d838e87,1414620,yes,allowlist_default,
10x/A2FD_1_10x_0125872_0047268,A2FD_1,10x,pos,1,7888176f1014eaa8,1584896,yes,allowlist_default,
10x/A2FD_1_10x_0127005_0042280,A2FD_1,10x,pos,1,1b979b400226ab9e,1550127,yes,allowlist_default,
10x/A2FD_1_10x_0127005_0042280_dup1,A2FD_1,10x,pos,1,1b979b400226ab9e,1550127,yes,allowlist_default,
10x/A2FD_1_10x_0129980_0038061,A2FD_1,10x,pos,1,5225617f554e0a4c,1775312,yes,allowlist_default,
10x/A2FD_1_10x_0129980_0038061_dup1,A2FD_1,10x,pos,1,5225617f554e0a4c,1775312,yes,allowlist_default,
10x/A2FD_1_10x_0129980_0038061_dup2,A2FD_1,10x,pos,1,5225617f554e0a4c,1775312,yes,allowlist_default,
10x/A2FD_1_10x_0129980_0038061_dup3,A2FD_1,10x,pos,1,5225617f554e0a4c,1775312,yes,allowlist_default,
10x/A2FD_1_10x_0135410_0065143,A2FD_1,10x,pos,1,6b89b4295649a0b4,1414159,yes,allowlist_default,
10x/A2FD_1_10x_0139278_0052422,A2FD_1,10x,pos,2,b7af75878764b465,1268501,yes,allowlist_default,
10x/A2FD_1_10x_0139519_0032225,A2FD_1,10x,pos,2,df3f86822cdaef6d,1575379,yes,allowlist_default,
10x/A2FD_1_10x_0141334_0030718,A2FD_1,10x,pos,4,00b0dda916f5818f,1613988,yes,allowlist_default,
10x/A2FD_1_10x_0145029_0034514,A2FD_1,10x,pos,1,51659e9dfc0ada56,1385961,yes,allowlist_default,
10x/A2FD_1_10x_0145511_0065569,A2FD_1,10x,pos,2,a82c70cb153ad905,1586548,yes,allowlist_default,
10x/A2FD_1_10x_0145511_0065569_dup1,A2FD_1,10x,pos,2,a82c70cb153ad905,1586548,yes,allowlist_default,
10x/A2FD_1_10x_0146741_0065145,A2FD_1,10x,pos,3,f33b18e2e60ff438,1537696,yes,allowlist_default,
10x/A2FD_1_10x_0146741_0065145_dup1,A2FD_1,10x,pos,3,f33b18e2e60ff438,1537696,yes,allowlist_default,
10x/A2FD_1_10x_0150437_0020186,A2FD_1,10x,pos,1,ab4e04ac705f63df,1478353,yes,allowlist_default,
10x/A2FD_1_10x_0156298_0078369,A2FD_1,10x,pos,1,f049e2a27ff75124,1435480,yes,allowlist_default,
10x/A2FD_1_10x_0157488_0074389,A2FD_1,10x,pos,1,8e8d1793f4a70742,1236424,yes,allowlist_default,
10x/A2FD_1_10x_0175503_0065252,A2FD_1,10x,pos,3,185fc76aafa0943a,1702147,yes,allowlist_default,
10x/A2FD_1_10x_0176503_0065468,A2FD_1,10x,pos,4,3d7585092974c2f2,1678336,yes,allowlist_default,
10x/A2FD_1_10x_0178236_0066671,A2FD_1,10x,pos,2,1025ee59d65518fe,1592278,yes,allowlist_default,
10x/A2FD_1_10x_0180708_0068654,A2FD_1,10x,pos,4,5283a549d3b2ffa7,1440053,yes,allowlist_default,
10x/A2FD_1_10x_0181528_0068750,A2FD_1,10x,pos,4,b55497a7f2039f45,1466902,yes,allowlist_default,
10x/A2FD_1_10x_0183072_0069941,A2FD_1,10x,pos,4,188e7d4744fcdedd,1576973,yes,allowlist_default,
10x/A2FD_1_10x_0185956_0060628,A2FD_1,10x,pos,1,6441b2a62e1521cd,1522502,yes,allowlist_default,
10x/A2FD_1_S.2058_26_10x_0021003_0065770,A2FD_1_S.2058_26,10x,pos,2,4ce7866f659c8a05,1348127,unknown,allowlist_default,
10x/A2FD_1_S.2058_26_10x_0022966_0066893,A2FD_1_S.2058_26,10x,pos,2,3a0d043ce81bf823,1380457,unknown,allowlist_default,
10x/A2FD_1_S.2058_26_10x_0028189_0068724,A2FD_1_S.2058_26,10x,pos,1,b72c5ab4961fe11d,1446021,unknown,allowlist_default,
10x/A2FD_1_S.2058_26_10x_0029304_0014701,A2FD_1_S.2058_26,10x,pos,2,caef300f7c699c78,1210994,unknown,allowlist_default,
10x/A2FD_1_S.2058_26_10x_0030179_0064679,A2FD_1_S.2058_26,10x,pos,4,dd1db1822c5af1ff,1539863,unknown,allowlist_default,
10x/A2FD_1_S.2058_26_10x_0030358_0014791,A2FD_1_S.2058_26,10x,pos,3,01b135781cd0396d,1165909,unknown,allowlist_default,
10x/A2FD_1_S.2058_26_10x_0030506_0009672,A2FD_1_S.2058_26,10x,pos,2,2e0fadc6d0a45531,1251309,unknown,allowlist_default,
10x/A2FD_1_S.2058_26_10x_0030918_0065178,A2FD_1_S.2058_26,10x,pos,5,6d4f6472edb9e377,1494791,unknown,allowlist_default,
10x/A2FD_1_S.2058_26_10x_0030918_0065178_dup1,A2FD_1_S.2058_26,10x,pos,5,bf366eb38fb74118,1494791,unknown,allowlist_default,
10x/A2FD_1_S.2058_26_10x_0030946_0014556,A2FD_1_S.2058_26,10x,pos,3,addc835e2a1cb19a,1154841,unknown,allowlist_default,
10x/A2FD_1_S.2058_26_10x_0031630_0018371,A2FD_1_S.2058_26,10x,pos,7,160c9a16d9502d96,1433084,unknown,allowlist_default,
10x/A2FD_1_S.2058_26_10x_0031807_0069791,A2FD_1_S.2058_26,10x,neg,0,e3b0c44298fc1c14,1448298,unknown,allowlist_default,
10x/A2FD_1_S.2058_26_10x_0032444_0005349,A2FD_1_S.2058_26,10x,pos,1,dab75cd4ef448ed3,990140,unknown,allowlist_default,
10x/A2FD_1_S.2058_26_10x_0032803_0009165,A2FD_1_S.2058_26,10x,pos,1,e8b9d546351cf0c1,1221146,unknown,allowlist_default,
10x/A2FD_1_S.2058_26_10x_0033022_0018566,A2FD_1_S.2058_26,10x,pos,7,f031e24abc0b086e,1427317,unknown,allowlist_default,
10x/A2FD_1_S.2058_26_10x_0033321_0065761,A2FD_1_S.2058_26,10x,pos,1,deecb0f8795f1852,1473295,unknown,allowlist_default,
10x/A2FD_1_S.2058_26_10x_0033321_0065761_dup1,A2FD_1_S.2058_26,10x,pos,1,deecb0f8795f1852,1473295,unknown,allowlist_default,
10x/A2FD_1_S.2058_26_10x_0034410_0042157,A2FD_1_S.2058_26,10x,pos,1,ead7958355928215,1989385,unknown,allowlist_default,
10x/A2FD_1_S.2058_26_10x_0034699_0018204,A2FD_1_S.2058_26,10x,pos,5,5e643d0e85231e02,1336703,unknown,allowlist_default,
10x/A2FD_1_S.2058_26_10x_0035495_0009793,A2FD_1_S.2058_26,10x,neg,0,e3b0c44298fc1c14,1224473,unknown,allowlist_default,
10x/A2FD_1_S.2058_26_10x_0037052_0018831,A2FD_1_S.2058_26,10x,pos,7,fd5e01fe6fe7d51a,1476738,unknown,allowlist_default,
10x/A2FD_1_S.2058_26_10x_0037052_0018831_bigdup1,A2FD_1_S.2058_26,10x,pos,7,fd5e01fe6fe7d51a,1476738,unknown,allowlist_default,
10x/A2FD_1_S.2058_26_10x_0037052_0018831_bigdup2,A2FD_1_S.2058_26,10x,pos,7,fd5e01fe6fe7d51a,1476738,unknown,allowlist_default,
10x/A2FD_1_S.2058_26_10x_0037052_0018831_bigdup3,A2FD_1_S.2058_26,10x,pos,7,fd5e01fe6fe7d51a,1476738,unknown,allowlist_default,
10x/A2FD_1_S.2058_26_10x_0037052_0018831_dup1,A2FD_1_S.2058_26,10x,pos,7,fd5e01fe6fe7d51a,1476738,unknown,allowlist_default,
10x/A2FD_1_S.2058_26_10x_0037052_0018831_dup2,A2FD_1_S.2058_26,10x,pos,7,fd5e01fe6fe7d51a,1476738,unknown,allowlist_default,
10x/A2FD_1_S.2058_26_10x_0037052_0018831_dup3,A2FD_1_S.2058_26,10x,pos,7,fd5e01fe6fe7d51a,1476738,unknown,allowlist_default,
10x/A2FD_1_S.2058_26_10x_0039401_0013651,A2FD_1_S.2058_26,10x,pos,1,1c0ad78147de125b,1325032,unknown,allowlist_default,
10x/A2FD_1_S.2058_26_10x_0040985_0064512,A2FD_1_S.2058_26,10x,pos,4,bb6e98a081007da7,1670597,unknown,allowlist_default,
10x/A2FD_1_S.2058_26_10x_0041179_0063551,A2FD_1_S.2058_26,10x,pos,4,79a86fc0bb4cf1bf,1667749,unknown,allowlist_default,
10x/A2FD_1_S.2058_26_10x_0041246_0072951,A2FD_1_S.2058_26,10x,pos,1,9671ce3b07f1160d,1489323,unknown,allowlist_default,
10x/A2FD_1_S.2058_26_10x_0041853_0008417,A2FD_1_S.2058_26,10x,pos,1,be8b672d772edda7,1243730,unknown,allowlist_default,
10x/A2FD_1_S.2058_26_10x_0041975_0014266,A2FD_1_S.2058_26,10x,pos,2,44e55e35957ce523,1245143,unknown,allowlist_default,
10x/A2FD_1_S.2058_26_10x_0042227_0008775,A2FD_1_S.2058_26,10x,pos,1,600cfb33cf42826c,1237704,unknown,allowlist_default,
10x/A2FD_1_S.2058_26_10x_0042343_0017194,A2FD_1_S.2058_26,10x,pos,6,281cc6ec6654bf42,1349239,unknown,allowlist_default,
10x/A2FD_1_S.2058_26_10x_0043595_0065062,A2FD_1_S.2058_26,10x,pos,1,ed34d3e646e8851c,1755351,unknown,allowlist_default,
10x/A2FD_1_S.2058_26_10x_0044430_0067162,A2FD_1_S.2058_26,10x,neg,0,e3b0c44298fc1c14,1584664,unknown,allowlist_default,
10x/A2FD_1_S.2058_26_10x_0044809_0015531,A2FD_1_S.2058_26,10x,pos,2,d1a285421131ff35,1319927,unknown,allowlist_default,
10x/A2FD_1_S.2058_26_10x_0044893_0071997,A2FD_1_S.2058_26,10x,pos,2,fa7eac03a85bbbe4,1558508,unknown,allowlist_default,
10x/A2FD_1_S.2058_26_10x_0045326_0065370,A2FD_1_S.2058_26,10x,neg,0,e3b0c44298fc1c14,1767059,unknown,allowlist_default,
10x/A2FD_1_S.2058_26_10x_0046016_0073006,A2FD_1_S.2058_26,10x,pos,2,934af6a17ceaed8f,1381983,unknown,allowlist_default,
10x/A2FD_1_S.2058_26_10x_0047419_0020298,A2FD_1_S.2058_26,10x,pos,4,3696f52bd8935228,1314894,unknown,allowlist_default,
10x/A2FD_1_S.2058_26_10x_0049198_0070203,A2FD_1_S.2058_26,10x,pos,2,440bee8db32b5db8,1567084,unknown,allowlist_default,
10x/A2FD_1_S.2058_26_10x_0051683_0068840,A2FD_1_S.2058_26,10x,pos,2,668c47ec0f30755b,1583551,unknown,allowlist_default,
10x/A2FD_1_S.2058_26_10x_0054085_0013427,A2FD_1_S.2058_26,10x,pos,1,2cbb088e54be9922,1174163,unknown,allowlist_default,
10x/A2FD_1_S.2058_26_10x_0055565_0012252,A2FD_1_S.2058_26,10x,pos,2,125c46210076e716,1262975,unknown,allowlist_default,
10x/A2FD_1_S.2058_26_10x_0055565_0012252_dup1,A2FD_1_S.2058_26,10x,pos,2,125c46210076e716,1262975,unknown,allowlist_default,
10x/A2FD_1_S.2058_26_10x_0061698_0022497,A2FD_1_S.2058_26,10x,pos,1,a0106a55d255a7b2,1341212,unknown,allowlist_default,
10x/A2FD_1_S.2058_26_10x_0061698_0022497_bigdup1,A2FD_1_S.2058_26,10x,pos,1,a0106a55d255a7b2,1341212,unknown,allowlist_default,
10x/A2FD_1_S.2058_26_10x_0061698_0022497_bigdup2,A2FD_1_S.2058_26,10x,pos,1,a0106a55d255a7b2,1341212,unknown,allowlist_default,
10x/A2FD_1_S.2058_26_10x_0061698_0022497_bigdup3,A2FD_1_S.2058_26,10x,pos,1,a0106a55d255a7b2,1341212,unknown,allowlist_default,
10x/A2FD_1_S.2058_26_10x_0061698_0022497_dup1,A2FD_1_S.2058_26,10x,pos,1,a0106a55d255a7b2,1341212,unknown,allowlist_default,
10x/A2FD_1_S.2058_26_10x_0061698_0022497_dup2,A2FD_1_S.2058_26,10x,pos,1,a0106a55d255a7b2,1341212,unknown,allowlist_default,
10x/A2FD_1_S.2058_26_10x_0061698_0022497_dup3,A2FD_1_S.2058_26,10x,pos,1,a0106a55d255a7b2,1341212,unknown,allowlist_default,
10x/A2FD_1_S.2058_26_10x_0062585_0029108,A2FD_1_S.2058_26,10x,pos,3,a6c163da058b901a,1574970,unknown,allowlist_default,
10x/A2FD_1_S.2058_26_10x_0064778_0052797,A2FD_1_S.2058_26,10x,neg,0,e3b0c44298fc1c14,1724764,unknown,allowlist_default,
10x/A2FD_1_S.2058_26_10x_0065752_0041975,A2FD_1_S.2058_26,10x,pos,2,99cf8af51c9872e9,1581814,unknown,allowlist_default,
10x/A2FD_1_S.2058_26_10x_0067083_0045052,A2FD_1_S.2058_26,10x,neg,0,e3b0c44298fc1c14,1759388,unknown,allowlist_default,
10x/A2FD_1_S.2058_26_10x_0067351_0039715,A2FD_1_S.2058_26,10x,pos,1,b65cae86f1d9e4d8,1656781,unknown,allowlist_default,
10x/A2FD_1_S.2058_26_10x_0067408_0045837,A2FD_1_S.2058_26,10x,neg,0,e3b0c44298fc1c14,1749584,unknown,allowlist_default,
10x/A2FD_1_S.2058_26_10x_0068466_0051130,A2FD_1_S.2058_26,10x,neg,0,e3b0c44298fc1c14,1369715,unknown,allowlist_default,
10x/A2FD_1_S.2058_26_10x_0114118_0051255,A2FD_1_S.2058_26,10x,pos,1,b126762601cdba52,1669783,unknown,allowlist_default,
10x/A2FD_1_S.2058_26_10x_0117941_0024821,A2FD_1_S.2058_26,10x,neg,0,e3b0c44298fc1c14,1392084,unknown,allowlist_default,
10x/A2FD_1_S.2058_26_10x_0129206_0024790,A2FD_1_S.2058_26,10x,pos,3,30ed8b6b644ca2af,1339015,unknown,allowlist_default,
10x/A2FD_1_S.2058_26_10x_0129760_0073327,A2FD_1_S.2058_26,10x,pos,1,d9b41911c6bea8e0,1413727,unknown,allowlist_default,
10x/A2FD_1_S.2058_26_10x_0130983_0012493,A2FD_1_S.2058_26,10x,pos,1,374802d66cfa74a8,1091441,unknown,allowlist_default,
10x/A2FD_1_S.2058_26_10x_0133211_0068091,A2FD_1_S.2058_26,10x,pos,3,58f08bbaad5c3fa7,1562738,unknown,allowlist_default,
10x/A2FD_1_S.2058_26_10x_0133458_0020737,A2FD_1_S.2058_26,10x,neg,0,e3b0c44298fc1c14,1208310,unknown,allowlist_default,
10x/A2FD_1_S.2058_26_10x_0134270_0016090,A2FD_1_S.2058_26,10x,neg,0,e3b0c44298fc1c14,1267484,unknown,allowlist_default,
10x/A2FD_1_S.2058_26_10x_0134436_0069120,A2FD_1_S.2058_26,10x,pos,3,5995e02fcc0617be,1583113,unknown,allowlist_default,
10x/A2FD_1_S.2058_26_10x_0134523_0020375,A2FD_1_S.2058_26,10x,neg,0,e3b0c44298fc1c14,1217759,unknown,allowlist_default,
10x/A2FD_1_S.2058_26_10x_0134571_0011327,A2FD_1_S.2058_26,10x,pos,1,13626cb4b68a51ea,990133,unknown,allowlist_default,
10x/A2FD_1_S.2058_26_10x_0135376_0024338,A2FD_1_S.2058_26,10x,pos,6,d6bd3c966d9f9355,1490304,unknown,allowlist_default,
10x/A2FD_1_S.2058_26_10x_0135964_0069236,A2FD_1_S.2058_26,10x,pos,6,70013cdd32921410,1558386,unknown,allowlist_default,
10x/A2FD_1_S.2058_26_10x_0136856_0070534,A2FD_1_S.2058_26,10x,pos,4,3ddf83781faae088,1512102,unknown,allowlist_default,
10x/A2FD_1_S.2058_26_10x_0137521_0070924,A2FD_1_S.2058_26,10x,pos,2,cb3477534aba19a6,1520158,unknown,allowlist_default,
10x/A2FD_1_S.2058_26_10x_0137683_0023959,A2FD_1_S.2058_26,10x,pos,5,cfbf91f6e4598d39,1385632,unknown,allowlist_default,
10x/A2FD_1_S.2058_26_10x_0138789_0047008,A2FD_1_S.2058_26,10x,pos,1,7e485d8e10ef6661,1987911,unknown,allowlist_default,
10x/A2FD_1_S.2058_26_10x_0139480_0070525,A2FD_1_S.2058_26,10x,pos,2,30209fe7455595de,1502500,unknown,allowlist_default,
10x/A2FD_1_S.2058_26_10x_0139480_0070525_dup1,A2FD_1_S.2058_26,10x,pos,2,30209fe7455595de,1502500,unknown,allowlist_default,
10x/A2FD_1_S.2058_26_10x_0140086_0024396,A2FD_1_S.2058_26,10x,pos,5,f57ff9b465ce655b,1502351,unknown,allowlist_default,
10x/A2FD_1_S.2058_26_10x_0140168_0071754,A2FD_1_S.2058_26,10x,pos,1,f0d483c9295f1ae3,1452826,unknown,allowlist_default,
10x/A2FD_1_S.2058_26_10x_0140168_0071754_dup1,A2FD_1_S.2058_26,10x,pos,1,f0d483c9295f1ae3,1452826,unknown,allowlist_default,
10x/A2FD_1_S.2058_26_10x_0141271_0080799,A2FD_1_S.2058_26,10x,neg,0,e3b0c44298fc1c14,718722,unknown,allowlist_default,
10x/A2FD_1_S.2058_26_10x_0142127_0019353,A2FD_1_S.2058_26,10x,pos,1,93540e7d799ca53c,1356121,unknown,allowlist_default,
10x/A2FD_1_S.2058_26_10x_0143109_0014983,A2FD_1_S.2058_26,10x,pos,1,8f7492c985ec9363,1326839,unknown,allowlist_default,
10x/A2FD_1_S.2058_26_10x_0144044_0013720,A2FD_1_S.2058_26,10x,neg,0,e3b0c44298fc1c14,1337138,unknown,allowlist_default,
10x/A2FD_1_S.2058_26_10x_0144620_0019516,A2FD_1_S.2058_26,10x,pos,2,fa2c64f4a524ca47,1353416,unknown,allowlist_default,
10x/A2FD_1_S.2058_26_10x_0145087_0022592,A2FD_1_S.2058_26,10x,pos,5,ac15f3594384b014,1443796,unknown,allowlist_default,
10x/A2FD_1_S.2058_26_10x_0146947_0075088,A2FD_1_S.2058_26,10x,neg,0,e3b0c44298fc1c14,1566261,unknown,allowlist_default,
10x/A2FD_1_S.2058_26_10x_0147498_0069770,A2FD_1_S.2058_26,10x,pos,3,54ea5d877227d703,1561515,unknown,allowlist_default,
10x/A2FD_1_S.2058_26_10x_0147686_0068664,A2FD_1_S.2058_26,10x,pos,4,2a24d917a5a12013,1621436,unknown,allowlist_default,
10x/A2FD_1_S.2058_26_10x_0149612_0024680,A2FD_1_S.2058_26,10x,pos,3,8b7f11e38a8e1141,1387926,unknown,allowlist_default,
10x/A2FD_1_S.2058_26_10x_0152199_0077005,A2FD_1_S.2058_26,10x,pos,2,ddfd24e06cbd5b17,1556833,unknown,allowlist_default,
10x/A2FD_1_S.2058_26_10x_0156122_0074287,A2FD_1_S.2058_26,10x,pos,2,a9b695e2de369655,1570888,unknown,allowlist_default,
10x/A2FD_1_S.2058_26_10x_0156512_0017785,A2FD_1_S.2058_26,10x,pos,2,4d56f5013df8faeb,1198982,unknown,allowlist_default,
10x/A2FD_1_S.2058_26_10x_0159280_0072872,A2FD_1_S.2058_26,10x,pos,1,530f3a818db7831c,1549232,unknown,allowlist_default,
10x/A2FD_1_S.2058_26_10x_0160182_0080731,A2FD_1_S.2058_26,10x,neg,0,e3b0c44298fc1c14,870798,unknown,allowlist_default,
10x/A2FD_1_S.2058_26_10x_0162335_0069771,A2FD_1_S.2058_26,10x,neg,0,e3b0c44298fc1c14,1591659,unknown,allowlist_default,
10x/A2FD_1_S.2058_26_10x_0163464_0035831,A2FD_1_S.2058_26,10x,pos,1,1b91da2b9377cb8e,1746710,unknown,allowlist_default,
10x/A2FD_1_S.2058_26_10x_0163621_0034615,A2FD_1_S.2058_26,10x,pos,2,3671607212050582,1652261,unknown,allowlist_default,
10x/A2FD_1_S.2058_26_10x_0164742_0026008,A2FD_1_S.2058_26,10x,pos,1,3c20490bb9c1a2fa,1425560,unknown,allowlist_default,
10x/A2FD_1_S.2058_26_10x_0164742_0026008_dup1,A2FD_1_S.2058_26,10x,pos,1,3c20490bb9c1a2fa,1425560,unknown,allowlist_default,
10x/A2FD_1_S.2058_26_10x_0164742_0026008_dup2,A2FD_1_S.2058_26,10x,pos,1,3c20490bb9c1a2fa,1425560,unknown,allowlist_default,
10x/A2FD_1_S.2058_26_10x_0164742_0026008_dup3,A2FD_1_S.2058_26,10x,pos,1,3c20490bb9c1a2fa,1425560,unknown,allowlist_default,
10x/A2FD_1_S.2058_26_10x_0165521_0059738,A2FD_1_S.2058_26,10x,pos,1,24b0ad23bbd2b200,1577296,unknown,allowlist_default,
10x/A2FD_1_S.2058_26_10x_0165957_0033164,A2FD_1_S.2058_26,10x,pos,3,cba6822c7b6a0bb4,1753779,unknown,allowlist_default,
10x/A2FD_1_S.2058_26_10x_0167889_0037699,A2FD_1_S.2058_26,10x,pos,1,bd9d0272b0ceb80c,1600261,unknown,allowlist_default,
10x/A2FD_1_S.2058_26_10x_0170205_0044998,A2FD_1_S.2058_26,10x,pos,2,d73ff93b28cd2087,1556626,unknown,allowlist_default,
10x/A2FD_1_S.2058_26_10x_0170749_0043804,A2FD_1_S.2058_26,10x,pos,1,ece2e98f212912fd,1777143,unknown,allowlist_default,
10x/A2FD_1_S.2058_26_10x_0171737_0043024,A2FD_1_S.2058_26,10x,pos,1,9df3b439a1d60601,1797542,unknown,allowlist_default,
10x/A2FD_1_S.2058_26_10x_0171918_0048339,A2FD_1_S.2058_26,10x,neg,0,e3b0c44298fc1c14,1667042,unknown,allowlist_default,
10x/A2FD_1_S.2058_26_10x_0174518_0062492,A2FD_1_S.2058_26,10x,neg,0,e3b0c44298fc1c14,1386862,unknown,allowlist_default,
10x/A3_FD_1_10x_0008268_0053707,A3_FD_1,10x,pos,1,ead0d82d6acf6417,1778372,unknown,allowlist_default,
10x/A3_FD_1_10x_0008268_0053707_dup1,A3_FD_1,10x,pos,1,ead0d82d6acf6417,1778372,unknown,allowlist_default,
10x/A3_FD_1_10x_0008268_0053707_dup2,A3_FD_1,10x,pos,1,ead0d82d6acf6417,1778372,unknown,allowlist_default,
10x/A3_FD_1_10x_0008268_0053707_dup3,A3_FD_1,10x,pos,1,ead0d82d6acf6417,1778372,unknown,allowlist_default,
10x/A3_FD_1_10x_0018331_0032818,A3_FD_1,10x,pos,1,9a7a780fd6110da2,1506595,unknown,allowlist_default,
10x/A3_FD_1_10x_0024695_0022476,A3_FD_1,10x,pos,1,9a92ccb67f6dcbb1,1734299,unknown,allowlist_default,
10x/A3_FD_1_10x_0029694_0022912,A3_FD_1,10x,pos,1,8008498e59170e96,1808273,unknown,allowlist_default,
10x/A3_FD_1_10x_0029694_0022912_dup1,A3_FD_1,10x,pos,1,8008498e59170e96,1808273,unknown,allowlist_default,
10x/A3_FD_1_10x_0030563_0036778,A3_FD_1,10x,pos,3,691f1a22846e0360,1721239,unknown,allowlist_default,
10x/A3_FD_1_10x_0030563_0036778_dup1,A3_FD_1,10x,pos,3,691f1a22846e0360,1721239,unknown,allowlist_default,
10x/A3_FD_1_10x_0031401_0037795,A3_FD_1,10x,pos,3,a52f0f3573483eef,1755996,unknown,allowlist_default,
10x/A3_FD_1_10x_0031401_0037795_dup1,A3_FD_1,10x,pos,3,a52f0f3573483eef,1755996,unknown,allowlist_default,
10x/A3_FD_1_10x_0031769_0020153,A3_FD_1,10x,pos,3,8507973a5f280097,1737501,unknown,allowlist_default,
10x/A3_FD_1_10x_0032087_0037440,A3_FD_1,10x,pos,4,92a7a09f0f89213e,1851421,unknown,allowlist_default,
10x/A3_FD_1_10x_0032087_0037440_dup1,A3_FD_1,10x,pos,4,92a7a09f0f89213e,1851421,unknown,allowlist_default,
10x/A3_FD_1_10x_0032908_0018252,A3_FD_1,10x,pos,2,fdcd088f17b600ea,1895604,unknown,allowlist_default,
10x/A3_FD_1_10x_0034357_0037502,A3_FD_1,10x,pos,3,a03c1a11018f98ed,1860401,unknown,allowlist_default,
10x/A3_FD_1_10x_0034357_0037502_dup1,A3_FD_1,10x,pos,3,a03c1a11018f98ed,1860401,unknown,allowlist_default,
10x/A3_FD_1_10x_0034357_0037502_dup2,A3_FD_1,10x,pos,3,a03c1a11018f98ed,1860401,unknown,allowlist_default,
10x/A3_FD_1_10x_0034357_0037502_dup3,A3_FD_1,10x,pos,3,a03c1a11018f98ed,1860401,unknown,allowlist_default,
10x/A3_FD_1_10x_0035151_0036493,A3_FD_1,10x,pos,3,1ebb07103d349d6d,1891666,unknown,allowlist_default,
10x/A3_FD_1_10x_0035151_0036493_dup1,A3_FD_1,10x,pos,3,1ebb07103d349d6d,1891666,unknown,allowlist_default,
10x/A3_FD_1_10x_0035151_0036493_dup2,A3_FD_1,10x,pos,3,1ebb07103d349d6d,1891666,unknown,allowlist_default,
10x/A3_FD_1_10x_0035151_0036493_dup3,A3_FD_1,10x,pos,3,1ebb07103d349d6d,1891666,unknown,allowlist_default,
10x/A3_FD_1_10x_0035343_0042492,A3_FD_1,10x,pos,1,8ebef60b07e23bbe,1405437,unknown,allowlist_default,
10x/A3_FD_1_10x_0036245_0037242,A3_FD_1,10x,pos,4,1e343fe9181ca3b2,1860241,unknown,allowlist_default,
10x/A3_FD_1_10x_0036245_0037242_dup1,A3_FD_1,10x,pos,4,1e343fe9181ca3b2,1860241,unknown,allowlist_default,
10x/A3_FD_1_10x_0036420_0045398,A3_FD_1,10x,pos,5,d8fa97287e9c5c3e,1780907,unknown,allowlist_default,
10x/A3_FD_1_10x_0036701_0046701,A3_FD_1,10x,pos,7,b4018e0601206321,1861863,unknown,allowlist_default,
10x/A3_FD_1_10x_0037185_0017039,A3_FD_1,10x,pos,2,b5614f62c9b7906e,1764015,unknown,allowlist_default,
10x/A3_FD_1_10x_0037350_0025947,A3_FD_1,10x,pos,1,c3c8ed82ba9edaa3,1782526,unknown,allowlist_default,
10x/A3_FD_1_10x_0037350_0025947_dup1,A3_FD_1,10x,pos,1,c3c8ed82ba9edaa3,1782526,unknown,allowlist_default,
10x/A3_FD_1_10x_0037868_0047664,A3_FD_1,10x,pos,5,6479dc4c257be717,1777204,unknown,allowlist_default,
10x/A3_FD_1_10x_0038035_0044976,A3_FD_1,10x,pos,6,84e07ecda01354db,1822280,unknown,allowlist_default,
10x/A3_FD_1_10x_0038572_0048077,A3_FD_1,10x,pos,6,edf77aa013f998cd,1520145,unknown,allowlist_default,
10x/A3_FD_1_10x_0038589_0046529,A3_FD_1,10x,pos,8,66b833fa6591064b,1877432,unknown,allowlist_default,
10x/A3_FD_1_10x_0039795_0037900,A3_FD_1,10x,pos,4,d7e79ffbaeff8c9f,1876006,unknown,allowlist_default,
10x/A3_FD_1_10x_0039882_0037040,A3_FD_1,10x,pos,4,5f325c90136a0ed6,1700472,unknown,allowlist_default,
10x/A3_FD_1_10x_0040445_0046712,A3_FD_1,10x,pos,6,d01eae5d4efbafb7,1709469,unknown,allowlist_default,
10x/A3_FD_1_10x_0040953_0014676,A3_FD_1,10x,pos,2,f6af82c46dbba701,1764827,unknown,allowlist_default,
10x/A3_FD_1_10x_0041085_0036318,A3_FD_1,10x,pos,4,b64a3ded79724dfe,1620619,unknown,allowlist_default,
10x/A3_FD_1_10x_0041690_0046887,A3_FD_1,10x,pos,2,0f5c43fed512919e,1426731,unknown,allowlist_default,
10x/A3_FD_1_10x_0042053_0036682,A3_FD_1,10x,pos,4,971ed7d6934293e5,1709292,unknown,allowlist_default,
10x/A3_FD_1_10x_0042150_0014066,A3_FD_1,10x,pos,2,93a489e37b810e60,1569296,unknown,allowlist_default,
10x/A3_FD_1_10x_0043711_0031177,A3_FD_1,10x,pos,1,22d7abbe63e0ca1c,1730719,unknown,allowlist_default,
10x/A3_FD_1_10x_0043958_0036314,A3_FD_1,10x,pos,3,0032d89d72bcb4cd,1771693,unknown,allowlist_default,
10x/A3_FD_1_10x_0045261_0037382,A3_FD_1,10x,pos,3,bb2924f21b6dd508,1810199,unknown,allowlist_default,
10x/A3_FD_1_10x_0046901_0037160,A3_FD_1,10x,pos,2,1acbb90ca159c97a,1895173,unknown,allowlist_default,
10x/A3_FD_1_10x_0046901_0037160_dup1,A3_FD_1,10x,pos,2,1acbb90ca159c97a,1895173,unknown,allowlist_default,
10x/A3_FD_1_10x_0049873_0034878,A3_FD_1,10x,pos,2,3813ca304e5b59f6,1597318,unknown,allowlist_default,
10x/A3_FD_1_10x_0050405_0012577,A3_FD_1,10x,pos,1,e13c9db04536a6bd,1857684,unknown,allowlist_default,
10x/A3_FD_1_10x_0051513_0036676,A3_FD_1,10x,pos,3,0dd51c77ee89fbc4,1781204,unknown,allowlist_default,
10x/A3_FD_1_10x_0057127_0032725,A3_FD_1,10x,pos,3,a2e3d331794505d7,1557495,unknown,allowlist_default,
10x/A3_FD_1_10x_0058313_0031604,A3_FD_1,10x,pos,5,65c15635da3553d5,1511677,unknown,allowlist_default,
10x/A3_FD_1_10x_0058376_0026695,A3_FD_1,10x,pos,3,d0f23fc4f25b709e,1844457,unknown,allowlist_default,
10x/A3_FD_1_10x_0058436_0027914,A3_FD_1,10x,pos,4,1c52675732522270,1815987,unknown,allowlist_default,
10x/A3_FD_1_10x_0058601_0029964,A3_FD_1,10x,pos,6,1a781961ca0f8ff1,1622797,unknown,allowlist_default,
10x/A3_FD_1_10x_0058614_0028769,A3_FD_1,10x,pos,4,97a4d3942e58703f,1672851,unknown,allowlist_default,
10x/A3_FD_1_10x_0107158_0052283,A3_FD_1,10x,pos,1,8739a12bb80f9ec1,1564352,unknown,allowlist_default,
10x/A3_FD_1_10x_0107158_0052283_dup1,A3_FD_1,10x,pos,1,8739a12bb80f9ec1,1564352,unknown,allowlist_default,
10x/A3_FD_1_10x_0107158_0052283_dup2,A3_FD_1,10x,pos,1,8739a12bb80f9ec1,1564352,unknown,allowlist_default,
10x/A3_FD_1_10x_0107158_0052283_dup3,A3_FD_1,10x,pos,1,8739a12bb80f9ec1,1564352,unknown,allowlist_default,
10x/A3_FD_1_10x_0115357_0030890,A3_FD_1,10x,pos,1,dbae343830fa9cd4,1525422,unknown,allowlist_default,
10x/A3_FD_1_10x_0116051_0038645,A3_FD_1,10x,pos,2,cf4f3064449344c5,1549262,unknown,allowlist_default,
10x/A3_FD_1_10x_0116051_0038645_dup1,A3_FD_1,10x,pos,2,f9e03237bc987785,1549262,unknown,allowlist_default,
10x/A3_FD_1_10x_0120918_0020119,A3_FD_1,10x,pos,1,69322476d3cf45d2,1602506,unknown,allowlist_default,
10x/A3_FD_1_10x_0125946_0020207,A3_FD_1,10x,pos,1,4f772982d1207521,1697610,unknown,allowlist_default,
10x/A3_FD_1_10x_0125946_0020207_dup1,A3_FD_1,10x,pos,1,4f772982d1207521,1697610,unknown,allowlist_default,
10x/A3_FD_1_10x_0127759_0033852,A3_FD_1,10x,pos,3,3487f8c2df181bd0,1750844,unknown,allowlist_default,
10x/A3_FD_1_10x_0127759_0033852_dup1,A3_FD_1,10x,pos,3,3487f8c2df181bd0,1750844,unknown,allowlist_default,
10x/A3_FD_1_10x_0128697_0034841,A3_FD_1,10x,pos,3,a4c1eb653d393bc1,1722393,unknown,allowlist_default,
10x/A3_FD_1_10x_0128697_0034841_dup1,A3_FD_1,10x,pos,3,a4c1eb653d393bc1,1722393,unknown,allowlist_default,
10x/A3_FD_1_10x_0129395_0034401,A3_FD_1,10x,pos,4,75e917588831abb1,1764126,unknown,allowlist_default,
10x/A3_FD_1_10x_0129395_0034401_dup1,A3_FD_1,10x,pos,4,75e917588831abb1,1764126,unknown,allowlist_default,
10x/A3_FD_1_10x_0131729_0034469,A3_FD_1,10x,pos,3,1f60bfd30821ac0f,1891245,unknown,allowlist_default,
10x/A3_FD_1_10x_0131729_0034469_dup1,A3_FD_1,10x,pos,3,1f60bfd30821ac0f,1891245,unknown,allowlist_default,
10x/A3_FD_1_10x_0131729_0034469_dup2,A3_FD_1,10x,pos,3,1f60bfd30821ac0f,1891245,unknown,allowlist_default,
10x/A3_FD_1_10x_0131729_0034469_dup3,A3_FD_1,10x,pos,3,1f60bfd30821ac0f,1891245,unknown,allowlist_default,
10x/A3_FD_1_10x_0132357_0033289,A3_FD_1,10x,pos,3,1f4fa42f54644107,1892578,unknown,allowlist_default,
10x/A3_FD_1_10x_0132357_0033289_dup1,A3_FD_1,10x,pos,3,1f4fa42f54644107,1892578,unknown,allowlist_default,
10x/A3_FD_1_10x_0132357_0033289_dup2,A3_FD_1,10x,pos,3,1f4fa42f54644107,1892578,unknown,allowlist_default,
10x/A3_FD_1_10x_0132357_0033289_dup3,A3_FD_1,10x,pos,3,1f4fa42f54644107,1892578,unknown,allowlist_default,
10x/A3_FD_1_10x_0132957_0039232,A3_FD_1,10x,pos,1,dd495a3048b6f7ee,1364356,unknown,allowlist_default,
10x/A3_FD_1_10x_0132979_0013747,A3_FD_1,10x,pos,1,7d2d16a6f98e866b,1696169,unknown,allowlist_default,
10x/A3_FD_1_10x_0133468_0033965,A3_FD_1,10x,pos,4,5e570de9ae1e8937,1974242,unknown,allowlist_default,
10x/A3_FD_1_10x_0133723_0022546,A3_FD_1,10x,pos,1,a21c1bc5194d386a,1766166,unknown,allowlist_default,
10x/A3_FD_1_10x_0133723_0022546_dup1,A3_FD_1,10x,pos,1,a21c1bc5194d386a,1766166,unknown,allowlist_default,
10x/A3_FD_1_10x_0134221_0041999,A3_FD_1,10x,pos,6,960300cd4139e4c9,1700045,unknown,allowlist_default,
10x/A3_FD_1_10x_0134632_0043297,A3_FD_1,10x,pos,7,11672fac3dc7918d,1883807,unknown,allowlist_default,
10x/A3_FD_1_10x_0135763_0044108,A3_FD_1,10x,pos,6,9353d759b66a41c5,1689038,unknown,allowlist_default,
10x/A3_FD_1_10x_0135793_0041465,A3_FD_1,10x,pos,6,8b2a7c02d0521d35,1735484,unknown,allowlist_default,
10x/A3_FD_1_10x_0136416_0042885,A3_FD_1,10x,pos,8,cc8a7fa9a4b70c2f,1904155,unknown,allowlist_default,
10x/A3_FD_1_10x_0136559_0044414,A3_FD_1,10x,pos,6,370e013bdf9ea484,1443509,unknown,allowlist_default,
10x/A3_FD_1_10x_0136853_0043359,A3_FD_1,10x,pos,7,d3e6b1c30f215389,1701810,unknown,allowlist_default,
10x/A3_FD_1_10x_0136867_0011061,A3_FD_1,10x,pos,2,a15dea2ca767859f,1627247,unknown,allowlist_default,
10x/A3_FD_1_10x_0136997_0034262,A3_FD_1,10x,pos,2,f2804dc784bfc3f9,1779244,unknown,allowlist_default,
10x/A3_FD_1_10x_0137664_0010327,A3_FD_1,10x,pos,2,e2a0e62a6e033691,1632439,unknown,allowlist_default,
10x/A3_FD_1_10x_0138112_0032615,A3_FD_1,10x,pos,3,93ec1ed85d751950,1716720,unknown,allowlist_default,
10x/A3_FD_1_10x_0138315_0042909,A3_FD_1,10x,pos,5,2554ae0fc6dcc7fa,1649542,unknown,allowlist_default,
10x/A3_FD_1_10x_0138315_0042909_dup1,A3_FD_1,10x,pos,5,2554ae0fc6dcc7fa,1649542,unknown,allowlist_default,
10x/A3_FD_1_10x_0139158_0032827,A3_FD_1,10x,pos,4,0ab6f63b9a2a7ce6,1701552,unknown,allowlist_default,
10x/A3_FD_1_10x_0139510_0042938,A3_FD_1,10x,pos,2,bc1950e4c404e2fb,1392072,unknown,allowlist_default,
10x/A3_FD_1_10x_0139510_0042938_dup1,A3_FD_1,10x,pos,2,bc1950e4c404e2fb,1392072,unknown,allowlist_default,
10x/A3_FD_1_10x_0140432_0027209,A3_FD_1,10x,pos,1,46977758af1f389f,1771431,unknown,allowlist_default,
10x/A3_FD_1_10x_0140980_0032284,A3_FD_1,10x,pos,3,3fd6cd353103c695,1963903,unknown,allowlist_default,
10x/A3_FD_1_10x_0140980_0032284_dup1,A3_FD_1,10x,pos,3,3fd6cd353103c695,1963903,unknown,allowlist_default,
10x/A3_FD_1_10x_0142419_0033337,A3_FD_1,10x,pos,3,284b985a2a73a928,1842445,unknown,allowlist_default,
10x/A3_FD_1_10x_0143911_0033009,A3_FD_1,10x,pos,2,82ad4ce4b15cd422,1820628,unknown,allowlist_default,
10x/A3_FD_1_10x_0143911_0033009_dup1,A3_FD_1,10x,pos,2,82ad4ce4b15cd422,1820628,unknown,allowlist_default,
10x/A3_FD_1_10x_0145753_0008113,A3_FD_1,10x,pos,1,425de94a441a506a,1791697,unknown,allowlist_default,
10x/A3_FD_1_10x_0146814_0030416,A3_FD_1,10x,pos,2,90eb3ea1b6f3f465,1625040,unknown,allowlist_default,
10x/A3_FD_1_10x_0148576_0032069,A3_FD_1,10x,pos,3,1b545db3a21a707f,1799355,unknown,allowlist_default,
10x/A3_FD_1_10x_0154404_0026400,A3_FD_1,10x,pos,4,f2133972c0297f9f,1628764,unknown,allowlist_default,
10x/A3_FD_1_10x_0154722_0021585,A3_FD_1,10x,pos,3,8bcb50388d356751,1753678,unknown,allowlist_default,
10x/A3_FD_1_10x_0154877_0022805,A3_FD_1,10x,pos,4,876edd36b255c048,1783387,unknown,allowlist_default,
10x/A3_FD_1_10x_0154992_0026480,A3_FD_1,10x,pos,4,f7bda83232e57d3a,1595475,unknown,allowlist_default,
10x/A3_FD_1_10x_0155091_0023641,A3_FD_1,10x,pos,5,623a68e97895ba0b,1721513,unknown,allowlist_default,
10x/A3_FD_1_10x_0155171_0024786,A3_FD_1,10x,pos,6,b9bb93256fbf4cb0,1595639,unknown,allowlist_default,
10x/BFD_1_10x_0013414_0027058,BFD_1,10x,pos,3,e644d938a2c641e3,1845677,yes,allowlist_default,
10x/BFD_1_10x_0015363_0026380,BFD_1,10x,pos,5,5f2f0045b66c509e,1993192,yes,allowlist_default,
10x/BFD_1_10x_0016764_0014402,BFD_1,10x,pos,3,c32bafc83483ab5f,1058322,yes,allowlist_default,
10x/BFD_1_10x_0017770_0013944,BFD_1,10x,pos,3,fde97b51a0901498,1000504,yes,allowlist_default,
10x/BFD_1_10x_0018356_0017573,BFD_1,10x,pos,1,4455cf3c33fa3c64,1361210,yes,allowlist_default,
10x/BFD_1_10x_0021275_0018455,BFD_1,10x,pos,2,bed6cb293d00bf62,1304379,yes,allowlist_default,
10x/BFD_1_10x_0027111_0015136,BFD_1,10x,pos,2,663b267c8425fb13,1201232,yes,allowlist_default,
10x/BFD_1_10x_0027675_0015083,BFD_1,10x,pos,2,a6a55d91f6d7b6f2,1186191,yes,allowlist_default,
10x/BFD_1_10x_0037486_0055092,BFD_1,10x,pos,1,7294bf16f392aaa1,1460418,yes,allowlist_default,
10x/BFD_1_10x_0038876_0057386,BFD_1,10x,pos,2,dd44d7b4cb9bd522,1510606,yes,allowlist_default,
10x/BFD_1_10x_0042343_0039424,BFD_1,10x,pos,5,4c3bfe842e093a2b,1742632,yes,allowlist_default,
10x/BFD_1_10x_0046500_0025548,BFD_1,10x,pos,6,37d4182f7b3f0e17,1732616,yes,allowlist_default,
10x/BFD_1_10x_0049034_0031320,BFD_1,10x,pos,2,db77bc121fea55df,1589133,yes,allowlist_default,
10x/BFD_1_10x_0049367_0033310,BFD_1,10x,pos,2,995e2b6eafd05bc5,1393684,yes,allowlist_default,
10x/BFD_1_10x_0050015_0009356,BFD_1,10x,pos,1,dab693e1ea550517,1520360,yes,allowlist_default,
10x/BFD_1_10x_0050018_0043344,BFD_1,10x,pos,4,ad30a8ccd7e03414,1446460,yes,allowlist_default,
10x/BFD_1_10x_0050463_0045646,BFD_1,10x,pos,1,7bab820955a1f9fd,1483576,yes,allowlist_default,
10x/BFD_1_10x_0050796_0012506,BFD_1,10x,pos,2,0ada995faa2a6efb,1757204,yes,allowlist_default,
10x/BFD_1_10x_0051351_0048557,BFD_1,10x,pos,3,5195adb615c7f061,1224060,yes,allowlist_default,
10x/BFD_1_10x_0051590_0049936,BFD_1,10x,pos,2,65e4f99c108b9b3f,1001345,yes,allowlist_default,
10x/BFD_1_10x_0051757_0014511,BFD_1,10x,pos,2,86b73e48429d0191,1652408,yes,allowlist_default,
10x/BFD_1_10x_0051839_0024937,BFD_1,10x,pos,7,29c3c0c8d2ce01e3,1708950,yes,allowlist_default,
10x/BFD_1_10x_0053506_0026189,BFD_1,10x,pos,3,43262d8012313c63,1643791,yes,allowlist_default,
10x/BFD_1_10x_0053991_0020801,BFD_1,10x,pos,1,cadcce1e6676678f,1632824,yes,allowlist_default,
10x/BFD_1_10x_0054511_0035696,BFD_1,10x,pos,1,212c3f872c4eedba,1829591,yes,allowlist_default,
10x/BFD_1_10x_0055773_0038016,BFD_1,10x,pos,5,206645c6adda7be2,1694957,yes,allowlist_default,
10x/S.2016_26_A2_FD_1_10x_0013675_0048396,S.2016_26_A2_FD_1,10x,pos,2,2780d0ecf236ad81,1906375,yes,allowlist_default,
10x/S.2016_26_A2_FD_1_10x_0023266_0041151,S.2016_26_A2_FD_1,10x,pos,2,3ff795a3a94882c6,1865656,yes,allowlist_default,
10x/S.2016_26_A2_FD_1_10x_0025043_0028487,S.2016_26_A2_FD_1,10x,pos,1,2be6b1425b78a086,1617079,yes,allowlist_default,
10x/S.2016_26_A2_FD_1_10x_0025394_0040198,S.2016_26_A2_FD_1,10x,pos,2,c7ce3318d752efa7,1832314,yes,allowlist_default,
10x/S.2016_26_A2_FD_1_10x_0027055_0037039,S.2016_26_A2_FD_1,10x,pos,3,d8f77040efe9bd2b,1942281,yes,allowlist_default,
10x/S.2016_26_A2_FD_1_10x_0027055_0037039_dup1,S.2016_26_A2_FD_1,10x,pos,3,d8f77040efe9bd2b,1942281,yes,allowlist_default,
10x/S.2016_26_A2_FD_1_10x_0027887_0039001,S.2016_26_A2_FD_1,10x,pos,4,8f4bab287843e46b,1938001,yes,allowlist_default,
10x/S.2016_26_A2_FD_1_10x_0027887_0039001_dup1,S.2016_26_A2_FD_1,10x,pos,4,8f4bab287843e46b,1938001,yes,allowlist_default,
10x/S.2016_26_A2_FD_1_10x_0028524_0037437,S.2016_26_A2_FD_1,10x,pos,3,3f05f6c21ca49297,2081837,yes,allowlist_default,
10x/S.2016_26_A2_FD_1_10x_0028524_0037437_dup1,S.2016_26_A2_FD_1,10x,pos,3,3f05f6c21ca49297,2081837,yes,allowlist_default,
10x/S.2016_26_A2_FD_1_10x_0030318_0026835,S.2016_26_A2_FD_1,10x,pos,1,105875c239bb8fdf,1661182,yes,allowlist_default,
10x/S.2016_26_A2_FD_1_10x_0030321_0031829,S.2016_26_A2_FD_1,10x,pos,3,7cabdc47f85921de,1908452,yes,allowlist_default,
10x/S.2016_26_A2_FD_1_10x_0030321_0031829_dup1,S.2016_26_A2_FD_1,10x,pos,3,7cabdc47f85921de,1908452,yes,allowlist_default,
10x/S.2016_26_A2_FD_1_10x_0030321_0031829_dup2,S.2016_26_A2_FD_1,10x,pos,3,7cabdc47f85921de,1908452,yes,allowlist_default,
10x/S.2016_26_A2_FD_1_10x_0030321_0031829_dup3,S.2016_26_A2_FD_1,10x,pos,3,7cabdc47f85921de,1908452,yes,allowlist_default,
10x/S.2016_26_A2_FD_1_10x_0030592_0033950,S.2016_26_A2_FD_1,10x,pos,3,f7b5ca7659de0b83,1974473,yes,allowlist_default,
10x/S.2016_26_A2_FD_1_10x_0030592_0033950_dup1,S.2016_26_A2_FD_1,10x,pos,3,f7b5ca7659de0b83,1974473,yes,allowlist_default,
10x/S.2016_26_A2_FD_1_10x_0030592_0033950_dup2,S.2016_26_A2_FD_1,10x,pos,3,f7b5ca7659de0b83,1974473,yes,allowlist_default,
10x/S.2016_26_A2_FD_1_10x_0030592_0033950_dup3,S.2016_26_A2_FD_1,10x,pos,3,f7b5ca7659de0b83,1974473,yes,allowlist_default,
10x/S.2016_26_A2_FD_1_10x_0030761_0037098,S.2016_26_A2_FD_1,10x,pos,1,25b74a9842c01974,1865232,yes,allowlist_default,
10x/S.2016_26_A2_FD_1_10x_0030761_0037098_dup1,S.2016_26_A2_FD_1,10x,pos,1,25b74a9842c01974,1865232,yes,allowlist_default,
10x/S.2016_26_A2_FD_1_10x_0032814_0033938,S.2016_26_A2_FD_1,10x,pos,4,c7120b9d0483b51b,1862045,yes,allowlist_default,
10x/S.2016_26_A2_FD_1_10x_0032814_0033938_dup1,S.2016_26_A2_FD_1,10x,pos,4,c7120b9d0483b51b,1862045,yes,allowlist_default,
10x/S.2016_26_A2_FD_1_10x_0034101_0034723,S.2016_26_A2_FD_1,10x,pos,3,f5347867ed2b3694,1855005,yes,allowlist_default,
10x/S.2016_26_A2_FD_1_10x_0034101_0034723_dup1,S.2016_26_A2_FD_1,10x,pos,3,f5347867ed2b3694,1855005,yes,allowlist_default,
10x/S.2016_26_A2_FD_1_10x_0034101_0034723_dup2,S.2016_26_A2_FD_1,10x,pos,3,f5347867ed2b3694,1855005,yes,allowlist_default,
10x/S.2016_26_A2_FD_1_10x_0034101_0034723_dup3,S.2016_26_A2_FD_1,10x,pos,3,f5347867ed2b3694,1855005,yes,allowlist_default,
10x/S.2016_26_A2_FD_1_10x_0034648_0033333,S.2016_26_A2_FD_1,10x,pos,3,8ebf0e36d627fbec,2020473,yes,allowlist_default,
10x/S.2016_26_A2_FD_1_10x_0034648_0033333_dup1,S.2016_26_A2_FD_1,10x,pos,3,8ebf0e36d627fbec,2020473,yes,allowlist_default,
10x/S.2016_26_A2_FD_1_10x_0034648_0033333_dup2,S.2016_26_A2_FD_1,10x,pos,3,8ebf0e36d627fbec,2020473,yes,allowlist_default,
10x/S.2016_26_A2_FD_1_10x_0034648_0033333_dup3,S.2016_26_A2_FD_1,10x,pos,3,8ebf0e36d627fbec,2020473,yes,allowlist_default,
10x/S.2016_26_A2_FD_1_10x_0035077_0024236,S.2016_26_A2_FD_1,10x,pos,4,00d9780b79ad5f29,1789444,yes,allowlist_default,
10x/S.2016_26_A2_FD_1_10x_0035249_0061976,S.2016_26_A2_FD_1,10x,pos,1,2dfaf3d7d68ef190,1901312,yes,allowlist_default,
10x/S.2016_26_A2_FD_1_10x_0039517_0025317,S.2016_26_A2_FD_1,10x,pos,1,2bbff33bcbe5a8c0,1634254,yes,allowlist_default,
10x/S.2016_26_A2_FD_1_10x_0041318_0055062,S.2016_26_A2_FD_1,10x,pos,3,91ea95bc8d4aaf63,1535890,yes,allowlist_default,
10x/S.2016_26_A2_FD_1_10x_0042708_0054594,S.2016_26_A2_FD_1,10x,pos,3,6374a9a21c9dc5cf,1815133,yes,allowlist_default,
10x/S.2016_26_A2_FD_1_10x_0054911_0029804,S.2016_26_A2_FD_1,10x,pos,1,9661e80e83073494,1850088,yes,allowlist_default,
10x/S.2016_26_A2_FD_1_10x_0059706_0037314,S.2016_26_A2_FD_1,10x,pos,1,ae93eeaf5c2e19d9,1680642,yes,allowlist_default,
10x/S.2016_26_A2_FD_1_10x_0119826_0057656,S.2016_26_A2_FD_1,10x,pos,1,f9f3aa57ebb58e4b,1756946,yes,allowlist_default,
10x/S.2016_26_A2_FD_1_10x_0120063_0053318,S.2016_26_A2_FD_1,10x,pos,2,a1b3ae5c4c624110,1774894,yes,allowlist_default,
10x/S.2016_26_A2_FD_1_10x_0129988_0046460,S.2016_26_A2_FD_1,10x,pos,2,89747ac9beb0f64a,1908057,yes,allowlist_default,
10x/S.2016_26_A2_FD_1_10x_0132145_0045562,S.2016_26_A2_FD_1,10x,pos,2,8b4ed8ddbf06b779,1782536,yes,allowlist_default,
10x/S.2016_26_A2_FD_1_10x_0134016_0042542,S.2016_26_A2_FD_1,10x,pos,3,6cc3de4abee0551c,1909849,yes,allowlist_default,
10x/S.2016_26_A2_FD_1_10x_0134016_0042542_dup1,S.2016_26_A2_FD_1,10x,pos,3,6cc3de4abee0551c,1909849,yes,allowlist_default,
10x/S.2016_26_A2_FD_1_10x_0134705_0044458,S.2016_26_A2_FD_1,10x,pos,4,7453e2df750bd51a,1837106,yes,allowlist_default,
10x/S.2016_26_A2_FD_1_10x_0134705_0044458_dup1,S.2016_26_A2_FD_1,10x,pos,4,7453e2df750bd51a,1837106,yes,allowlist_default,
10x/S.2016_26_A2_FD_1_10x_0135459_0042944,S.2016_26_A2_FD_1,10x,pos,3,2903add4ed52e687,2001573,yes,allowlist_default,
10x/S.2016_26_A2_FD_1_10x_0135459_0042944_dup1,S.2016_26_A2_FD_1,10x,pos,3,2903add4ed52e687,2001573,yes,allowlist_default,
10x/S.2016_26_A2_FD_1_10x_0137434_0037435,S.2016_26_A2_FD_1,10x,pos,3,fb80dbdeab8c7d97,1849696,yes,allowlist_default,
10x/S.2016_26_A2_FD_1_10x_0137434_0037435_dup1,S.2016_26_A2_FD_1,10x,pos,3,fb80dbdeab8c7d97,1849696,yes,allowlist_default,
10x/S.2016_26_A2_FD_1_10x_0137434_0037435_dup2,S.2016_26_A2_FD_1,10x,pos,3,fb80dbdeab8c7d97,1849696,yes,allowlist_default,
10x/S.2016_26_A2_FD_1_10x_0137434_0037435_dup3,S.2016_26_A2_FD_1,10x,pos,3,fb80dbdeab8c7d97,1849696,yes,allowlist_default,
10x/S.2016_26_A2_FD_1_10x_0137640_0039508,S.2016_26_A2_FD_1,10x,pos,3,49d8897a931d11a0,2046022,yes,allowlist_default,
10x/S.2016_26_A2_FD_1_10x_0137640_0039508_dup1,S.2016_26_A2_FD_1,10x,pos,3,49d8897a931d11a0,2046022,yes,allowlist_default,
10x/S.2016_26_A2_FD_1_10x_0137640_0039508_dup2,S.2016_26_A2_FD_1,10x,pos,3,49d8897a931d11a0,2046022,yes,allowlist_default,
10x/S.2016_26_A2_FD_1_10x_0137640_0039508_dup3,S.2016_26_A2_FD_1,10x,pos,3,49d8897a931d11a0,2046022,yes,allowlist_default,
10x/S.2016_26_A2_FD_1_10x_0137662_0042762,S.2016_26_A2_FD_1,10x,pos,1,381a59b65cc1a066,1807145,yes,allowlist_default,
10x/S.2016_26_A2_FD_1_10x_0137662_0042762_dup1,S.2016_26_A2_FD_1,10x,pos,1,381a59b65cc1a066,1807145,yes,allowlist_default,
10x/S.2016_26_A2_FD_1_10x_0139819_0039571,S.2016_26_A2_FD_1,10x,pos,4,f2270f28ac779167,1904515,yes,allowlist_default,
10x/S.2016_26_A2_FD_1_10x_0139819_0039571_dup1,S.2016_26_A2_FD_1,10x,pos,4,f2270f28ac779167,1904515,yes,allowlist_default,
10x/S.2016_26_A2_FD_1_10x_0141082_0067885,S.2016_26_A2_FD_1,10x,pos,1,4971fc3c0f1b3cd9,1765520,yes,allowlist_default,
10x/S.2016_26_A2_FD_1_10x_0141111_0040438,S.2016_26_A2_FD_1,10x,pos,3,78dfd342a7cbcd56,1805340,yes,allowlist_default,
10x/S.2016_26_A2_FD_1_10x_0141111_0040438_dup1,S.2016_26_A2_FD_1,10x,pos,3,78dfd342a7cbcd56,1805340,yes,allowlist_default,
10x/S.2016_26_A2_FD_1_10x_0141111_0040438_dup2,S.2016_26_A2_FD_1,10x,pos,3,78dfd342a7cbcd56,1805340,yes,allowlist_default,
10x/S.2016_26_A2_FD_1_10x_0141111_0040438_dup3,S.2016_26_A2_FD_1,10x,pos,3,78dfd342a7cbcd56,1805340,yes,allowlist_default,
10x/S.2016_26_A2_FD_1_10x_0141756_0039053,S.2016_26_A2_FD_1,10x,pos,5,5e1cdd7aefcb35cd,1990097,yes,allowlist_default,
10x/S.2016_26_A2_FD_1_10x_0141756_0039053_dup1,S.2016_26_A2_FD_1,10x,pos,5,5e1cdd7aefcb35cd,1990097,yes,allowlist_default,
10x/S.2016_26_A2_FD_1_10x_0141756_0039053_dup2,S.2016_26_A2_FD_1,10x,pos,5,5e1cdd7aefcb35cd,1990097,yes,allowlist_default,
10x/S.2016_26_A2_FD_1_10x_0141756_0039053_dup3,S.2016_26_A2_FD_1,10x,pos,5,5e1cdd7aefcb35cd,1990097,yes,allowlist_default,
10x/S.2016_26_A2_FD_1_10x_0146976_0031127,S.2016_26_A2_FD_1,10x,pos,1,e53994c463797fd0,1681665,yes,allowlist_default,
10x/S.2016_26_A2_FD_1_10x_0148888_0060700,S.2016_26_A2_FD_1,10x,pos,3,477a8d02e3454b74,1866109,yes,allowlist_default,
10x/S.2016_26_A2_FD_1_10x_0156158_0042264,S.2016_26_A2_FD_1,10x,pos,1,356661f494c09458,1456224,yes,allowlist_default,
10x/S.2016_26_A2_FD_1_10x_0162109_0036275,S.2016_26_A2_FD_1,10x,pos,1,cead48bfb31fb7bc,1819418,yes,allowlist_default,
10x/S.2016_26_A3_FD_1_10x_0012268_0035903,S.2016_26_A3_FD_1,10x,pos,3,de7bc0ac6001d72e,1613942,unknown,allowlist_default,
10x/S.2016_26_A3_FD_1_10x_0012486_0037541,S.2016_26_A3_FD_1,10x,pos,5,62ba7cfcfa3cdc70,1600863,unknown,allowlist_default,
10x/S.2016_26_A3_FD_1_10x_0014991_0044316,S.2016_26_A3_FD_1,10x,pos,4,1e5f72e333bc0150,1641450,unknown,allowlist_default,
10x/S.2016_26_A3_FD_1_10x_0055165_0007285,S.2016_26_A3_FD_1,10x,pos,1,a87975002c8db3ee,1324649,unknown,allowlist_default,
10x/S.2016_26_A3_FD_1_10x_0068832_0038352,S.2016_26_A3_FD_1,10x,pos,1,fb3fb3bc09df0cc5,1985227,unknown,allowlist_default,
10x/S.2016_26_A3_FD_1_10x_0069159_0073519,S.2016_26_A3_FD_1,10x,neg,0,e3b0c44298fc1c14,1324921,unknown,allowlist_default,
10x/S.2016_26_A3_FD_1_10x_0110210_0058792,S.2016_26_A3_FD_1,10x,pos,7,aee816b27db5b67f,1805899,unknown,allowlist_default,
10x/S.2016_26_A3_FD_1_10x_0113974_0047553,S.2016_26_A3_FD_1,10x,pos,11,aef034d0620f7a6f,1737822,unknown,allowlist_default,
10x/S.2016_26_A3_FD_1_10x_0115012_0041309,S.2016_26_A3_FD_1,10x,pos,5,adce8e6067caabbc,1940193,unknown,allowlist_default,
10x/S.2016_26_A3_FD_1_10x_0115292_0042907,S.2016_26_A3_FD_1,10x,pos,7,24d405935ace0111,1950800,unknown,allowlist_default,
10x/S.2016_26_A3_FD_1_10x_0118164_0049607,S.2016_26_A3_FD_1,10x,pos,4,41027915729eada1,1885919,unknown,allowlist_default,
10x/S.2016_26_A3_FD_1_10x_0119335_0045291,S.2016_26_A3_FD_1,10x,pos,2,85f4471ab66e6387,1945174,unknown,allowlist_default,
10x/S.2016_26_A3_FD_1_10x_0120828_0064855,S.2016_26_A3_FD_1,10x,pos,8,cecd5f9a3260fae9,1881939,unknown,allowlist_default,
10x/S.2016_26_A3_FD_1_10x_0158324_0011983,S.2016_26_A3_FD_1,10x,pos,1,a4cfdd77f6749d40,1384253,unknown,allowlist_default,
10x/S.2016_26_A3_FD_1_10x_0167512_0055175,S.2016_26_A3_FD_1,10x,pos,1,5014e1f38b5e51e5,1723215,unknown,allowlist_default,
10x/S.2016_26_A3_FD_1_10x_0172180_0042853,S.2016_26_A3_FD_1,10x,pos,1,9a11b07ba0ded977,1899737,unknown,allowlist_default,
10x/S.2723_26_A2_FD_1_10x_0007719_0032249,S.2723_26_A2_FD_1,10x,pos,1,5f767d685d95174e,1306849,unknown,allowlist_default,
10x/S.2723_26_A2_FD_1_10x_0008660_0037298,S.2723_26_A2_FD_1,10x,pos,1,369b93a8c981c539,1754756,unknown,allowlist_default,
10x/S.2723_26_A2_FD_1_10x_0010665_0040462,S.2723_26_A2_FD_1,10x,pos,4,26e782cc3f8ad845,1656233,unknown,allowlist_default,
10x/S.2723_26_A2_FD_1_10x_0010665_0040462_dup1,S.2723_26_A2_FD_1,10x,pos,4,26e782cc3f8ad845,1656233,unknown,allowlist_default,
10x/S.2723_26_A2_FD_1_10x_0010665_0040462_dup2,S.2723_26_A2_FD_1,10x,pos,4,26e782cc3f8ad845,1656233,unknown,allowlist_default,
10x/S.2723_26_A2_FD_1_10x_0010665_0040462_dup3,S.2723_26_A2_FD_1,10x,pos,4,26e782cc3f8ad845,1656233,unknown,allowlist_default,
10x/S.2723_26_A2_FD_1_10x_0011720_0045851,S.2723_26_A2_FD_1,10x,pos,5,4c47ed171cf1b3bd,1707380,unknown,allowlist_default,
10x/S.2723_26_A2_FD_1_10x_0011720_0045851_dup1,S.2723_26_A2_FD_1,10x,pos,5,4c47ed171cf1b3bd,1707380,unknown,allowlist_default,
10x/S.2723_26_A2_FD_1_10x_0013122_0050917,S.2723_26_A2_FD_1,10x,pos,3,1f66f9e6ee6c8d0f,1614374,unknown,allowlist_default,
10x/S.2723_26_A2_FD_1_10x_0013122_0050917_dup1,S.2723_26_A2_FD_1,10x,pos,3,1f66f9e6ee6c8d0f,1614374,unknown,allowlist_default,
10x/S.2723_26_A2_FD_1_10x_0016478_0063710,S.2723_26_A2_FD_1,10x,pos,1,6d025627f5eafa0a,1765188,unknown,allowlist_default,
10x/S.2723_26_A2_FD_1_10x_0021797_0028759,S.2723_26_A2_FD_1,10x,pos,2,878f74a2bec18cd1,1596077,unknown,allowlist_default,
10x/S.2723_26_A2_FD_1_10x_0024393_0020334,S.2723_26_A2_FD_1,10x,pos,2,1059cb7b531da806,1673469,unknown,allowlist_default,
10x/S.2723_26_A2_FD_1_10x_0024640_0026015,S.2723_26_A2_FD_1,10x,pos,4,7d9004b4a3b6bac1,1747586,unknown,allowlist_default,
10x/S.2723_26_A2_FD_1_10x_0024937_0026827,S.2723_26_A2_FD_1,10x,pos,4,637f6b94a5e6a7eb,1582941,unknown,allowlist_default,
10x/S.2723_26_A2_FD_1_10x_0026297_0018888,S.2723_26_A2_FD_1,10x,pos,3,e0f5fe3e3376e5f5,1613324,unknown,allowlist_default,
10x/S.2723_26_A2_FD_1_10x_0030536_0015891,S.2723_26_A2_FD_1,10x,pos,1,12ae536e4d3d9dc9,1896690,unknown,allowlist_default,
10x/S.2723_26_A2_FD_1_10x_0031008_0022190,S.2723_26_A2_FD_1,10x,pos,1,0c60ad915ace6036,1393623,unknown,allowlist_default,
10x/S.2723_26_A2_FD_1_10x_0031015_0087377,S.2723_26_A2_FD_1,10x,pos,1,6ea3fa8ad8762fec,1544288,unknown,allowlist_default,
10x/S.2723_26_A2_FD_1_10x_0033657_0013956,S.2723_26_A2_FD_1,10x,pos,1,c95de3a10684782c,1772094,unknown,allowlist_default,
10x/S.2723_26_A2_FD_1_10x_0033998_0022440,S.2723_26_A2_FD_1,10x,pos,2,9a76abcfd303843b,1553175,unknown,allowlist_default,
10x/S.2723_26_A2_FD_1_10x_0034052_0012675,S.2723_26_A2_FD_1,10x,pos,1,24c683e58a4781fa,1873375,unknown,allowlist_default,
10x/S.2723_26_A2_FD_1_10x_0034128_0088632,S.2723_26_A2_FD_1,10x,pos,1,ac99c411b9b46606,1777267,unknown,allowlist_default,
10x/S.2723_26_A2_FD_1_10x_0041713_0091960,S.2723_26_A2_FD_1,10x,pos,1,4b4bc75087e64b4f,1376211,unknown,allowlist_default,
10x/S.2723_26_A2_FD_1_10x_0044007_0059876,S.2723_26_A2_FD_1,10x,pos,1,ce3c00bdb1177dc3,1643672,unknown,allowlist_default,
10x/S.2723_26_A2_FD_1_10x_0045744_0092497,S.2723_26_A2_FD_1,10x,pos,2,1e612d61af8af422,1382836,unknown,allowlist_default,
10x/S.2723_26_A2_FD_1_10x_0046830_0060897,S.2723_26_A2_FD_1,10x,pos,1,a118f0fea9ffebe7,1598467,unknown,allowlist_default,
10x/S.2723_26_A2_FD_1_10x_0055449_0051033,S.2723_26_A2_FD_1,10x,pos,1,133eab7dedc9ef39,1570845,unknown,allowlist_default,
10x/S.2723_26_A2_FD_1_10x_0060106_0044472,S.2723_26_A2_FD_1,10x,pos,1,6646ca9b41414343,1556108,unknown,allowlist_default,
10x/S.2723_26_A2_FD_1_10x_0060106_0044472_dup1,S.2723_26_A2_FD_1,10x,pos,1,6646ca9b41414343,1556108,unknown,allowlist_default,
10x/S.2723_26_A2_FD_1_10x_0068353_0055075,S.2723_26_A2_FD_1,10x,pos,1,900b499536d8ddcb,1555729,unknown,allowlist_default,
10x/S.2723_26_A2_FD_1_10x_0068984_0052291,S.2723_26_A2_FD_1,10x,pos,2,067a7589fe91a4dc,1514865,unknown,allowlist_default,
10x/S.2723_26_A2_FD_1_10x_0071170_0050169,S.2723_26_A2_FD_1,10x,pos,2,241fe573f7dc6866,1609734,unknown,allowlist_default,
10x/S.2723_26_A2_FD_1_10x_0072425_0030200,S.2723_26_A2_FD_1,10x,neg,0,e3b0c44298fc1c14,1640620,unknown,allowlist_default,
10x/S.2723_26_A2_FD_1_10x_0072624_0043787,S.2723_26_A2_FD_1,10x,pos,3,57162575bbcae83c,1767585,unknown,allowlist_default,
10x/S.2723_26_A2_FD_1_10x_0073837_0033866,S.2723_26_A2_FD_1,10x,pos,3,e218689174a0f3e4,1709768,unknown,allowlist_default,
10x/S.2723_26_A2_FD_1_10x_0074031_0042150,S.2723_26_A2_FD_1,10x,pos,3,c1480b71253f03cb,1696249,unknown,allowlist_default,
10x/S.2723_26_A2_FD_1_10x_0075373_0036303,S.2723_26_A2_FD_1,10x,pos,1,3023c3e8dbc31a50,1612482,unknown,allowlist_default,
10x/S.2723_26_A2_FD_1_10x_0110835_0032830,S.2723_26_A2_FD_1,10x,pos,4,c2f65d7879428c15,1649700,unknown,allowlist_default,
10x/S.2723_26_A2_FD_1_10x_0110835_0032830_bigdup1,S.2723_26_A2_FD_1,10x,pos,4,c2f65d7879428c15,1649700,unknown,allowlist_default,
10x/S.2723_26_A2_FD_1_10x_0110835_0032830_bigdup2,S.2723_26_A2_FD_1,10x,pos,4,c2f65d7879428c15,1649700,unknown,allowlist_default,
10x/S.2723_26_A2_FD_1_10x_0110835_0032830_bigdup3,S.2723_26_A2_FD_1,10x,pos,4,c2f65d7879428c15,1649700,unknown,allowlist_default,
10x/S.2723_26_A2_FD_1_10x_0110835_0032830_dup1,S.2723_26_A2_FD_1,10x,pos,4,c2f65d7879428c15,1649700,unknown,allowlist_default,
10x/S.2723_26_A2_FD_1_10x_0110835_0032830_dup2,S.2723_26_A2_FD_1,10x,pos,4,c2f65d7879428c15,1649700,unknown,allowlist_default,
10x/S.2723_26_A2_FD_1_10x_0110835_0032830_dup3,S.2723_26_A2_FD_1,10x,pos,4,c2f65d7879428c15,1649700,unknown,allowlist_default,
10x/S.2723_26_A2_FD_1_10x_0111226_0038060,S.2723_26_A2_FD_1,10x,pos,4,6bf5a9ceaf67749d,1658530,unknown,allowlist_default,
10x/S.2723_26_A2_FD_1_10x_0111226_0038060_dup1,S.2723_26_A2_FD_1,10x,pos,4,6bf5a9ceaf67749d,1658530,unknown,allowlist_default,
10x/S.2723_26_A2_FD_1_10x_0112429_0042517,S.2723_26_A2_FD_1,10x,pos,2,6714bc1941cdebc6,1632640,unknown,allowlist_default,
10x/S.2723_26_A2_FD_1_10x_0112429_0042517_dup1,S.2723_26_A2_FD_1,10x,pos,2,6714bc1941cdebc6,1632640,unknown,allowlist_default,
10x/S.2723_26_A2_FD_1_10x_0115533_0056162,S.2723_26_A2_FD_1,10x,pos,1,2481e50c91b00c74,1781441,unknown,allowlist_default,
10x/S.2723_26_A2_FD_1_10x_0122257_0070352,S.2723_26_A2_FD_1,10x,pos,1,2669b7263b6e0dd9,1396215,unknown,allowlist_default,
10x/S.2723_26_A2_FD_1_10x_0125352_0019162,S.2723_26_A2_FD_1,10x,pos,3,24ba90f6dea4cc00,1566814,unknown,allowlist_default,
10x/S.2723_26_A2_FD_1_10x_0125361_0013505,S.2723_26_A2_FD_1,10x,pos,2,79e0cfa89ab786d0,1618690,unknown,allowlist_default,
10x/S.2723_26_A2_FD_1_10x_0125516_0068446,S.2723_26_A2_FD_1,10x,pos,2,a2d92e43a3d11df4,1286212,unknown,allowlist_default,
10x/S.2723_26_A2_FD_1_10x_0127190_0012356,S.2723_26_A2_FD_1,10x,pos,3,be4068b0e8dbdee0,1540273,unknown,allowlist_default,
10x/S.2723_26_A2_FD_1_10x_0128976_0080483,S.2723_26_A2_FD_1,10x,pos,1,2126ecb48d6ecb6b,1520056,unknown,allowlist_default,
10x/S.2723_26_A2_FD_1_10x_0129367_0008884,S.2723_26_A2_FD_1,10x,pos,2,346be3e277c40c12,1623176,unknown,allowlist_default,
10x/S.2723_26_A2_FD_1_10x_0132485_0081819,S.2723_26_A2_FD_1,10x,pos,1,921cf4d9d0cab010,1588614,unknown,allowlist_default,
10x/S.2723_26_A2_FD_1_10x_0135007_0007665,S.2723_26_A2_FD_1,10x,pos,2,d4bf1eb1baa1352b,1693537,unknown,allowlist_default,
10x/S.2723_26_A2_FD_1_10x_0143234_0053810,S.2723_26_A2_FD_1,10x,pos,1,10168b7cad5bd615,1674076,unknown,allowlist_default,
10x/S.2723_26_A2_FD_1_10x_0143398_0086359,S.2723_26_A2_FD_1,10x,pos,1,8bdc2cac7ced127a,1548800,unknown,allowlist_default,
10x/S.2723_26_A2_FD_1_10x_0146020_0054940,S.2723_26_A2_FD_1,10x,pos,1,90d01b298c4c1edf,1894360,unknown,allowlist_default,
10x/S.2723_26_A2_FD_1_10x_0149251_0052045,S.2723_26_A2_FD_1,10x,neg,0,e3b0c44298fc1c14,1568659,unknown,allowlist_default,
10x/S.2723_26_A2_FD_1_10x_0154880_0051914,S.2723_26_A2_FD_1,10x,pos,2,1dc65a3aee11d1f2,1940525,unknown,allowlist_default,
10x/S.2723_26_A2_FD_1_10x_0157025_0051104,S.2723_26_A2_FD_1,10x,pos,1,9f55637ed69d92e1,1877129,unknown,allowlist_default,
10x/S.2723_26_A2_FD_1_10x_0157167_0044920,S.2723_26_A2_FD_1,10x,pos,2,45c1bbcf6664beb2,1766853,unknown,allowlist_default,
10x/S.2723_26_A2_FD_1_10x_0159840_0039819,S.2723_26_A2_FD_1,10x,pos,2,791a0e333721455d,1758607,unknown,allowlist_default,
10x/S.2723_26_A2_FD_1_10x_0159840_0039819_dup1,S.2723_26_A2_FD_1,10x,pos,2,791a0e333721455d,1758607,unknown,allowlist_default,
10x/S.2723_26_A2_FD_1_10x_0164243_0033925,S.2723_26_A2_FD_1,10x,pos,2,51ac427c070253e5,1733900,unknown,allowlist_default,
10x/S.2723_26_A2_FD_1_10x_0167907_0050314,S.2723_26_A2_FD_1,10x,pos,1,39ab079818f4849e,1640817,unknown,allowlist_default,
10x/S.2723_26_A2_FD_1_10x_0171064_0045558,S.2723_26_A2_FD_1,10x,pos,3,b00fab954fec87d1,1755317,unknown,allowlist_default,
10x/S.2723_26_A2_FD_1_10x_0171064_0045558_dup1,S.2723_26_A2_FD_1,10x,pos,3,b00fab954fec87d1,1755317,unknown,allowlist_default,
10x/S.2723_26_A2_FD_1_10x_0172706_0039404,S.2723_26_A2_FD_1,10x,pos,2,5337d8838b130c4f,1750902,unknown,allowlist_default,
10x/S.2723_26_A2_FD_1_10x_0174297_0037798,S.2723_26_A2_FD_1,10x,pos,2,a79081ad1ca17d3c,1735078,unknown,allowlist_default,
10x/S.2723_26_A2_FD_1_10x_0174591_0029716,S.2723_26_A2_FD_1,10x,pos,2,5d4826c638c749f5,1777198,unknown,allowlist_default,
10x/S.2723_26_A2_FD_1_10x_0175892_0032231,S.2723_26_A2_FD_1,10x,pos,2,f9801bec51c745a1,1665486,unknown,allowlist_default,
10x/S.2723_26_CFD_1_10x_0007941_0040087,S.2723_26_CFD_1,10x,pos,5,33ee76b1590ebc97,1698885,yes,allowlist_default,
10x/S.2723_26_CFD_1_10x_0009036_0023534,S.2723_26_CFD_1,10x,pos,1,20c93a3442363302,1816028,yes,allowlist_default,
10x/S.2723_26_CFD_1_10x_0010698_0005567,S.2723_26_CFD_1,10x,pos,1,bcdd6e479c726354,1299066,yes,allowlist_default,
10x/S.2_723_26_A3_FD_1_10x_0019453_0046868,S.2_723_26_A3_FD_1,10x,pos,1,e359f083e02003c4,1444068,yes,allowlist_default,
10x/S.2_723_26_A3_FD_1_10x_0020276_0043125,S.2_723_26_A3_FD_1,10x,pos,2,76834ba984c24427,1487218,yes,allowlist_default,
10x/S.2_723_26_A3_FD_1_10x_0020276_0043125_dup1,S.2_723_26_A3_FD_1,10x,pos,2,76834ba984c24427,1487218,yes,allowlist_default,
10x/S.2_723_26_A3_FD_1_10x_0024155_0034913,S.2_723_26_A3_FD_1,10x,pos,1,c21ab7857dbc63df,1354730,yes,allowlist_default,
10x/S.2_723_26_A3_FD_1_10x_0024161_0040593,S.2_723_26_A3_FD_1,10x,pos,4,1c9a233357f16712,1741771,yes,allowlist_default,
10x/S.2_723_26_A3_FD_1_10x_0029856_0033708,S.2_723_26_A3_FD_1,10x,pos,2,df79b77af6c60b0e,1401416,yes,allowlist_default,
10x/S.2_723_26_A3_FD_1_10x_0030222_0043125,S.2_723_26_A3_FD_1,10x,pos,1,79fb971323a15289,1729566,yes,allowlist_default,
10x/S.2_723_26_A3_FD_1_10x_0030222_0043125_dup1,S.2_723_26_A3_FD_1,10x,pos,1,79fb971323a15289,1729566,yes,allowlist_default,
10x/S.2_723_26_A3_FD_1_10x_0032927_0035160,S.2_723_26_A3_FD_1,10x,pos,1,3781d679f604ceb9,1669746,yes,allowlist_default,
10x/S.2_723_26_A3_FD_1_10x_0032927_0035160_bigdup1,S.2_723_26_A3_FD_1,10x,pos,1,3781d679f604ceb9,1669746,yes,allowlist_default,
10x/S.2_723_26_A3_FD_1_10x_0032927_0035160_bigdup2,S.2_723_26_A3_FD_1,10x,pos,1,3781d679f604ceb9,1669746,yes,allowlist_default,
10x/S.2_723_26_A3_FD_1_10x_0032927_0035160_bigdup3,S.2_723_26_A3_FD_1,10x,pos,1,3781d679f604ceb9,1669746,yes,allowlist_default,
10x/S.2_723_26_A3_FD_1_10x_0032927_0035160_dup1,S.2_723_26_A3_FD_1,10x,pos,1,3781d679f604ceb9,1669746,yes,allowlist_default,
10x/S.2_723_26_A3_FD_1_10x_0032927_0035160_dup2,S.2_723_26_A3_FD_1,10x,pos,1,3781d679f604ceb9,1669746,yes,allowlist_default,
10x/S.2_723_26_A3_FD_1_10x_0032927_0035160_dup3,S.2_723_26_A3_FD_1,10x,pos,1,3781d679f604ceb9,1669746,yes,allowlist_default,
10x/S.2_723_26_A3_FD_1_10x_0032985_0043698,S.2_723_26_A3_FD_1,10x,pos,5,a6bde8bc9cac6402,1691046,yes,allowlist_default,
10x/S.2_723_26_A3_FD_1_10x_0033058_0065902,S.2_723_26_A3_FD_1,10x,pos,2,442dbcd0b349e90e,1391544,yes,allowlist_default,
10x/S.2_723_26_A3_FD_1_10x_0035718_0066390,S.2_723_26_A3_FD_1,10x,pos,2,28b510c93dc68e2e,1501691,yes,allowlist_default,
10x/S.2_723_26_A3_FD_1_10x_0036334_0039101,S.2_723_26_A3_FD_1,10x,pos,1,ca02f24a586950e2,1507350,yes,allowlist_default,
10x/S.2_723_26_A3_FD_1_10x_0036493_0043738,S.2_723_26_A3_FD_1,10x,pos,4,8878dce85e984b0d,1641784,yes,allowlist_default,
10x/S.2_723_26_A3_FD_1_10x_0038381_0041626,S.2_723_26_A3_FD_1,10x,pos,2,4b6486c8d8246c9a,1626543,yes,allowlist_default,
10x/S.2_723_26_A3_FD_1_10x_0039704_0068580,S.2_723_26_A3_FD_1,10x,pos,1,8fdbda05bffa92ad,1856789,yes,allowlist_default,
10x/S.2_723_26_A3_FD_1_10x_0039704_0068580_dup1,S.2_723_26_A3_FD_1,10x,pos,1,8fdbda05bffa92ad,1856789,yes,allowlist_default,
10x/S.2_723_26_A3_FD_1_10x_0039704_0068580_dup2,S.2_723_26_A3_FD_1,10x,pos,1,8fdbda05bffa92ad,1856789,yes,allowlist_default,
10x/S.2_723_26_A3_FD_1_10x_0039704_0068580_dup3,S.2_723_26_A3_FD_1,10x,pos,1,8fdbda05bffa92ad,1856789,yes,allowlist_default,
10x/S.2_723_26_A3_FD_1_10x_0043050_0062626,S.2_723_26_A3_FD_1,10x,pos,2,2921f58638f732a7,1420497,yes,allowlist_default,
10x/S.2_723_26_A3_FD_1_10x_0043427_0041801,S.2_723_26_A3_FD_1,10x,pos,1,98e7a030800146bd,1453186,yes,allowlist_default,
10x/S.2_723_26_A3_FD_1_10x_0044684_0066818,S.2_723_26_A3_FD_1,10x,pos,3,0932796764a4f23e,1842382,yes,allowlist_default,
10x/S.2_723_26_A3_FD_1_10x_0044684_0066818_dup1,S.2_723_26_A3_FD_1,10x,pos,3,0932796764a4f23e,1842382,yes,allowlist_default,
10x/S.2_723_26_A3_FD_1_10x_0049075_0062377,S.2_723_26_A3_FD_1,10x,pos,2,cf0c8711196ad883,1350228,yes,allowlist_default,
10x/S.2_723_26_A3_FD_1_10x_0051174_0047654,S.2_723_26_A3_FD_1,10x,pos,2,c2ab7fd348b1bb1b,1376807,yes,allowlist_default,
10x/S.2_723_26_A3_FD_1_10x_0054574_0046660,S.2_723_26_A3_FD_1,10x,pos,11,2bae0972afabf8fe,1409423,yes,allowlist_default,
10x/S.2_723_26_A3_FD_1_10x_0056465_0034511,S.2_723_26_A3_FD_1,10x,pos,1,48b4016d0616a00f,1485384,yes,allowlist_default,
10x/S.2_723_26_A3_FD_1_10x_0057348_0047468,S.2_723_26_A3_FD_1,10x,pos,4,1a89a71b7ef2b389,1306591,yes,allowlist_default,
10x/S.2_723_26_A3_FD_1_10x_0062236_0056115,S.2_723_26_A3_FD_1,10x,pos,14,2b7643375da5a810,1906483,yes,allowlist_default,
10x/S.2_723_26_A3_FD_1_10x_0062429_0044653,S.2_723_26_A3_FD_1,10x,pos,21,7c327327e3002b91,1707491,yes,allowlist_default,
10x/S.2_723_26_A3_FD_1_10x_0062634_0046810,S.2_723_26_A3_FD_1,10x,pos,11,e4143a32168d77c1,1699592,yes,allowlist_default,
10x/S.2_723_26_A3_FD_1_10x_0062640_0056404,S.2_723_26_A3_FD_1,10x,pos,6,abe79b02e4ad712a,1973713,yes,allowlist_default,
10x/S.2_723_26_A3_FD_1_10x_0063629_0051363,S.2_723_26_A3_FD_1,10x,pos,12,6328edc019b41cd9,1638038,yes,allowlist_default,
10x/S.2_723_26_A3_FD_1_10x_0063656_0046931,S.2_723_26_A3_FD_1,10x,pos,14,63bdd767451dbf9c,1853996,yes,allowlist_default,
10x/S.2_723_26_A3_FD_1_10x_0063687_0044836,S.2_723_26_A3_FD_1,10x,pos,19,a8c3212eca61d2f9,1697004,yes,allowlist_default,
10x/S.2_723_26_A3_FD_1_10x_0064737_0061300,S.2_723_26_A3_FD_1,10x,pos,1,07ca0606d94cdb81,1443886,yes,allowlist_default,
10x/S.2_723_26_A3_FD_1_10x_0064737_0061300_dup1,S.2_723_26_A3_FD_1,10x,pos,1,07ca0606d94cdb81,1443886,yes,allowlist_default,
10x/S.2_723_26_A3_FD_1_10x_0064737_0061300_dup2,S.2_723_26_A3_FD_1,10x,pos,1,07ca0606d94cdb81,1443886,yes,allowlist_default,
10x/S.2_723_26_A3_FD_1_10x_0064737_0061300_dup3,S.2_723_26_A3_FD_1,10x,pos,1,07ca0606d94cdb81,1443886,yes,allowlist_default,
10x/S.2_723_26_A3_FD_1_10x_0065558_0051279,S.2_723_26_A3_FD_1,10x,pos,8,b2aafcea1041df9c,1617965,yes,allowlist_default,
10x/S.2_723_26_A3_FD_1_10x_0065656_0052360,S.2_723_26_A3_FD_1,10x,pos,12,922e6798b85ce6f2,1915104,yes,allowlist_default,
10x/S.2_723_26_A3_FD_1_10x_0065756_0044991,S.2_723_26_A3_FD_1,10x,pos,13,e1e232f810db29ec,1447119,yes,allowlist_default,
10x/S.2_723_26_A3_FD_1_10x_0066864_0042661,S.2_723_26_A3_FD_1,10x,pos,2,a824cdf31dc99734,1550192,yes,allowlist_default,
10x/S.2_723_26_A3_FD_1_10x_0068016_0060543,S.2_723_26_A3_FD_1,10x,pos,2,9b5745251bdf49bf,1462089,yes,allowlist_default,
10x/S.2_723_26_A3_FD_1_10x_0068016_0060543_dup1,S.2_723_26_A3_FD_1,10x,pos,2,9b5745251bdf49bf,1462089,yes,allowlist_default,
10x/S.2_723_26_A3_FD_1_10x_0068016_0060543_dup2,S.2_723_26_A3_FD_1,10x,pos,2,9b5745251bdf49bf,1462089,yes,allowlist_default,
10x/S.2_723_26_A3_FD_1_10x_0068016_0060543_dup3,S.2_723_26_A3_FD_1,10x,pos,2,9b5745251bdf49bf,1462089,yes,allowlist_default,
10x/S.2_723_26_A3_FD_1_10x_0069615_0060293,S.2_723_26_A3_FD_1,10x,pos,2,f6ebb09f1948b1fd,1428127,yes,allowlist_default,
10x/S.2_723_26_A3_FD_1_10x_0069615_0060293_dup1,S.2_723_26_A3_FD_1,10x,pos,2,f6ebb09f1948b1fd,1428127,yes,allowlist_default,
10x/S.2_723_26_A3_FD_1_10x_0070771_0018093,S.2_723_26_A3_FD_1,10x,pos,2,9f9d49d53a2a3ed5,1703132,yes,allowlist_default,
10x/S.2_723_26_A3_FD_1_10x_0070771_0018093_dup1,S.2_723_26_A3_FD_1,10x,pos,2,9f9d49d53a2a3ed5,1703132,yes,allowlist_default,
10x/S.2_723_26_A3_FD_1_10x_0071700_0014526,S.2_723_26_A3_FD_1,10x,pos,6,c5fa88ad18d32395,1706631,yes,allowlist_default,
10x/S.2_723_26_A3_FD_1_10x_0074144_0034597,S.2_723_26_A3_FD_1,10x,pos,2,2f5b617eeb9ff40f,1470981,yes,allowlist_default,
10x/S.2_723_26_A3_FD_1_10x_0074144_0034597_dup1,S.2_723_26_A3_FD_1,10x,pos,2,2f5b617eeb9ff40f,1470981,yes,allowlist_default,
10x/S.2_723_26_A3_FD_1_10x_0075522_0034956,S.2_723_26_A3_FD_1,10x,pos,2,400d88955ae9f330,1680196,yes,allowlist_default,
10x/S.2_723_26_A3_FD_1_10x_0075800_0057459,S.2_723_26_A3_FD_1,10x,pos,1,b31c55bf75f299eb,1361827,yes,allowlist_default,
10x/S.2_723_26_A3_FD_1_10x_0078113_0051205,S.2_723_26_A3_FD_1,10x,pos,1,919fed5522adc7b4,1579441,yes,allowlist_default,
10x/S.2_723_26_A3_FD_1_10x_0079534_0040321,S.2_723_26_A3_FD_1,10x,pos,2,89cb05a5d512e543,1162202,yes,allowlist_default,
10x/S.2_723_26_A3_FD_1_10x_0080779_0039291,S.2_723_26_A3_FD_1,10x,pos,2,f5401c45abaea164,1250746,yes,allowlist_default,
10x/S.2_723_26_A3_FD_1_10x_0121973_0041337,S.2_723_26_A3_FD_1,10x,pos,3,bbffaf73dec48e5f,1399869,yes,allowlist_default,
10x/S.2_723_26_A3_FD_1_10x_0122035_0043344,S.2_723_26_A3_FD_1,10x,pos,4,074a431a7c6665d4,1280198,yes,allowlist_default,
10x/S.2_723_26_A3_FD_1_10x_0122705_0037889,S.2_723_26_A3_FD_1,10x,pos,4,05e2b6082c12ab3f,1385744,yes,allowlist_default,
10x/S.2_723_26_A3_FD_1_10x_0126221_0035000,S.2_723_26_A3_FD_1,10x,pos,3,220bc498249b35e5,1640035,yes,allowlist_default,
10x/S.2_723_26_A3_FD_1_10x_0126416_0029274,S.2_723_26_A3_FD_1,10x,pos,1,4ed9367b2ad02609,1222431,yes,allowlist_default,
10x/S.2_723_26_A3_FD_1_10x_0132089_0027863,S.2_723_26_A3_FD_1,10x,pos,2,1019c42c2e18d00a,1278270,yes,allowlist_default,
10x/S.2_723_26_A3_FD_1_10x_0132812_0036990,S.2_723_26_A3_FD_1,10x,pos,1,f4b6c39053bfad56,1685036,yes,allowlist_default,
10x/S.2_723_26_A3_FD_1_10x_0132812_0036990_dup1,S.2_723_26_A3_FD_1,10x,pos,1,f4b6c39053bfad56,1685036,yes,allowlist_default,
10x/S.2_723_26_A3_FD_1_10x_0135427_0037046,S.2_723_26_A3_FD_1,10x,pos,3,2a13b9032ae446af,1719958,yes,allowlist_default,
10x/S.2_723_26_A3_FD_1_10x_0135509_0018527,S.2_723_26_A3_FD_1,10x,pos,2,3e38910f8a0728a5,1693400,yes,allowlist_default,
10x/S.2_723_26_A3_FD_1_10x_0135509_0018527_dup1,S.2_723_26_A3_FD_1,10x,pos,2,3e38910f8a0728a5,1693400,yes,allowlist_default,
10x/S.2_723_26_A3_FD_1_10x_0135509_0018527_dup2,S.2_723_26_A3_FD_1,10x,pos,2,3e38910f8a0728a5,1693400,yes,allowlist_default,
10x/S.2_723_26_A3_FD_1_10x_0135509_0018527_dup3,S.2_723_26_A3_FD_1,10x,pos,2,3e38910f8a0728a5,1693400,yes,allowlist_default,
10x/S.2_723_26_A3_FD_1_10x_0136670_0059348,S.2_723_26_A3_FD_1,10x,pos,2,464b64ba8a9b4070,1401714,yes,allowlist_default,
10x/S.2_723_26_A3_FD_1_10x_0137457_0049522,S.2_723_26_A3_FD_1,10x,pos,1,e00b7c9c0d6b81ca,1580757,yes,allowlist_default,
10x/S.2_723_26_A3_FD_1_10x_0137767_0019835,S.2_723_26_A3_FD_1,10x,pos,4,d38b5a7891beedf9,1748012,yes,allowlist_default,
10x/S.2_723_26_A3_FD_1_10x_0137767_0019835_dup1,S.2_723_26_A3_FD_1,10x,pos,4,d38b5a7891beedf9,1748012,yes,allowlist_default,
10x/S.2_723_26_A3_FD_1_10x_0138188_0031859,S.2_723_26_A3_FD_1,10x,pos,3,31016b5248e8d3b4,1595388,yes,allowlist_default,
10x/S.2_723_26_A3_FD_1_10x_0138770_0032805,S.2_723_26_A3_FD_1,10x,pos,2,a31061c369ae5141,1493369,yes,allowlist_default,
10x/S.2_723_26_A3_FD_1_10x_0138824_0019568,S.2_723_26_A3_FD_1,10x,pos,3,545913e66309a4c0,1845037,yes,allowlist_default,
10x/S.2_723_26_A3_FD_1_10x_0138824_0019568_dup1,S.2_723_26_A3_FD_1,10x,pos,3,545913e66309a4c0,1845037,yes,allowlist_default,
10x/S.2_723_26_A3_FD_1_10x_0139251_0059451,S.2_723_26_A3_FD_1,10x,pos,2,46f19277294a76dd,1518676,yes,allowlist_default,
10x/S.2_723_26_A3_FD_1_10x_0145991_0035162,S.2_723_26_A3_FD_1,10x,pos,1,14b1b26438ec5924,1473288,yes,allowlist_default,
10x/S.2_723_26_A3_FD_1_10x_0147221_0059257,S.2_723_26_A3_FD_1,10x,pos,2,190a8fd68941d9e3,1769634,yes,allowlist_default,
10x/S.2_723_26_A3_FD_1_10x_0147273_0025575,S.2_723_26_A3_FD_1,10x,pos,1,d44f088b712f3ee7,1366054,yes,allowlist_default,
10x/S.2_723_26_A3_FD_1_10x_0150322_0061105,S.2_723_26_A3_FD_1,10x,pos,2,29da4d42c6482eb6,1643467,yes,allowlist_default,
10x/S.2_723_26_A3_FD_1_10x_0150322_0061105_dup1,S.2_723_26_A3_FD_1,10x,pos,2,29da4d42c6482eb6,1643467,yes,allowlist_default,
10x/S.2_723_26_A3_FD_1_10x_0152627_0055184,S.2_723_26_A3_FD_1,10x,pos,1,d7255d6a73b9cf3f,1337317,yes,allowlist_default,
10x/S.2_723_26_A3_FD_1_10x_0153933_0040251,S.2_723_26_A3_FD_1,10x,pos,2,8fcd7e763aad1a5f,1381981,yes,allowlist_default,
10x/S.2_723_26_A3_FD_1_10x_0157120_0022507,S.2_723_26_A3_FD_1,10x,pos,2,cd5d48ebefbf3f2c,1153777,yes,allowlist_default,
10x/S.2_723_26_A3_FD_1_10x_0157471_0039383,S.2_723_26_A3_FD_1,10x,pos,9,81d80597a3d873a5,1434334,yes,allowlist_default,
10x/S.2_723_26_A3_FD_1_10x_0158893_0027159,S.2_723_26_A3_FD_1,10x,pos,2,cfc302550c38e59c,1501919,yes,allowlist_default,
10x/S.2_723_26_A3_FD_1_10x_0159342_0027691,S.2_723_26_A3_FD_1,10x,pos,2,c3910cdc7505e782,1485785,yes,allowlist_default,
10x/S.2_723_26_A3_FD_1_10x_0160305_0040135,S.2_723_26_A3_FD_1,10x,pos,2,5c3595f9ef6e961a,1312438,yes,allowlist_default,
10x/S.2_723_26_A3_FD_1_10x_0161482_0042978,S.2_723_26_A3_FD_1,10x,neg,0,e3b0c44298fc1c14,814008,yes,allowlist_default,
10x/S.2_723_26_A3_FD_1_10x_0165348_0054594,S.2_723_26_A3_FD_1,10x,pos,1,689d9df0fd411208,1427029,yes,allowlist_default,
10x/S.2_723_26_A3_FD_1_10x_0166009_0048866,S.2_723_26_A3_FD_1,10x,pos,9,505dfb54e58c5f0e,1784359,yes,allowlist_default,
10x/S.2_723_26_A3_FD_1_10x_0166578_0037389,S.2_723_26_A3_FD_1,10x,pos,24,0813f0660b24d267,1662018,yes,allowlist_default,
10x/S.2_723_26_A3_FD_1_10x_0166722_0043829,S.2_723_26_A3_FD_1,10x,pos,13,50591ca3c942808b,1589578,yes,allowlist_default,
10x/S.2_723_26_A3_FD_1_10x_0166897_0044099,S.2_723_26_A3_FD_1,10x,pos,15,52dbbaf990fb0d60,1645462,yes,allowlist_default,
10x/S.2_723_26_A3_FD_1_10x_0168518_0048509,S.2_723_26_A3_FD_1,10x,pos,2,6dc4afbfe8af4d9c,1740150,yes,allowlist_default,
10x/S.2_723_26_A3_FD_1_10x_0168652_0043675,S.2_723_26_A3_FD_1,10x,pos,14,fa685ca1fbc39d25,1666480,yes,allowlist_default,
10x/S.2_723_26_A3_FD_1_10x_0168707_0059340,S.2_723_26_A3_FD_1,10x,pos,1,788ca7476cb68835,1683163,yes,allowlist_default,
10x/S.2_723_26_A3_FD_1_10x_0168849_0044777,S.2_723_26_A3_FD_1,10x,pos,15,c3f0ea088a914f48,1796587,yes,allowlist_default,
10x/S.2_723_26_A3_FD_1_10x_0169029_0045301,S.2_723_26_A3_FD_1,10x,pos,11,e31b18d27b085e10,1740802,yes,allowlist_default,
10x/S.2_723_26_A3_FD_1_10x_0169056_0044214,S.2_723_26_A3_FD_1,10x,pos,14,161abe6704ce8e84,1626698,yes,allowlist_default,
10x/S.2_723_26_A3_FD_1_10x_0169747_0035093,S.2_723_26_A3_FD_1,10x,pos,2,f1511a389ab953a7,1546960,yes,allowlist_default,
10x/S.2_723_26_A3_FD_1_10x_0171615_0008136,S.2_723_26_A3_FD_1,10x,pos,7,15ea7c0f4453b986,1931853,yes,allowlist_default,
10x/S.2_723_26_A3_FD_1_10x_0171615_0008136_dup1,S.2_723_26_A3_FD_1,10x,pos,7,15ea7c0f4453b986,1931853,yes,allowlist_default,
10x/S.2_723_26_A3_FD_1_10x_0171615_0008136_dup2,S.2_723_26_A3_FD_1,10x,pos,7,15ea7c0f4453b986,1931853,yes,allowlist_default,
10x/S.2_723_26_A3_FD_1_10x_0171615_0008136_dup3,S.2_723_26_A3_FD_1,10x,pos,7,15ea7c0f4453b986,1931853,yes,allowlist_default,
10x/S.2_723_26_A3_FD_1_10x_0172495_0010251,S.2_723_26_A3_FD_1,10x,pos,4,d348b61dac7f0d5f,1718936,yes,allowlist_default,
10x/S.2_723_26_A3_FD_1_10x_0173003_0052597,S.2_723_26_A3_FD_1,10x,pos,2,ea0cf629f87bca0c,1396919,yes,allowlist_default,
10x/S.2_723_26_A3_FD_1_10x_0173018_0010088,S.2_723_26_A3_FD_1,10x,pos,4,b66fc6053b24ef38,1801595,yes,allowlist_default,
10x/S.2_723_26_A3_FD_1_10x_0173747_0006135,S.2_723_26_A3_FD_1,10x,pos,6,02f4f872ef0632a1,1679664,yes,allowlist_default,
10x/S.2_723_26_A3_FD_1_10x_0173954_0007003,S.2_723_26_A3_FD_1,10x,pos,6,a2c86c8d6ca45ab9,1718916,yes,allowlist_default,
10x/S.2_723_26_A3_FD_1_10x_0174438_0052152,S.2_723_26_A3_FD_1,10x,pos,2,78d78d25bf892863,1401511,yes,allowlist_default,
10x/S.2_723_26_A3_FD_1_10x_0175363_0009483,S.2_723_26_A3_FD_1,10x,pos,1,225aa91567296cda,1779246,yes,allowlist_default,
10x/S.2_723_26_A3_FD_1_10x_0177131_0026628,S.2_723_26_A3_FD_1,10x,pos,2,4c180f282cabbe34,1585988,yes,allowlist_default,
10x/S.2_723_26_A3_FD_1_10x_0179078_0046334,S.2_723_26_A3_FD_1,10x,pos,1,b442845e2f3c4a8d,1186971,yes,allowlist_default,
10x/S.2_723_26_A3_FD_1_10x_0181100_0043419,S.2_723_26_A3_FD_1,10x,pos,1,caffa2d0ab1aaf40,1742232,yes,allowlist_default,
10x/S.2_723_26_A3_FD_1_10x_0182416_0032549,S.2_723_26_A3_FD_1,10x,pos,2,61bca5754fc036a2,1248333,yes,allowlist_default,
10x/S.3152_26_A3FD_1_10x_0008939_0031553,S.3152_26_A3FD_1,10x,pos,3,b2b47b39b7fae85c,1589715,unknown,allowlist_default,
10x/S.3152_26_A3FD_1_10x_0009773_0024322,S.3152_26_A3FD_1,10x,pos,1,bcd86b643479e546,1573244,unknown,allowlist_default,
10x/S.3152_26_A3FD_1_10x_0009773_0024322_dup1,S.3152_26_A3FD_1,10x,pos,1,bcd86b643479e546,1573244,unknown,allowlist_default,
10x/S.3152_26_A3FD_1_10x_0011235_0027615,S.3152_26_A3FD_1,10x,neg,0,e3b0c44298fc1c14,1183629,unknown,allowlist_default,
10x/S.3152_26_A3FD_1_10x_0012680_0047460,S.3152_26_A3FD_1,10x,pos,1,6e97291ad57af722,1773222,unknown,allowlist_default,
10x/S.3152_26_A3FD_1_10x_0013040_0043727,S.3152_26_A3FD_1,10x,neg,0,e3b0c44298fc1c14,1447633,unknown,allowlist_default,
10x/S.3152_26_A3FD_1_10x_0015705_0028692,S.3152_26_A3FD_1,10x,pos,3,926e28bbdd74d43d,1650297,unknown,allowlist_default,
10x/S.3152_26_A3FD_1_10x_0015705_0028692_dup1,S.3152_26_A3FD_1,10x,pos,3,926e28bbdd74d43d,1650297,unknown,allowlist_default,
10x/S.3152_26_A3FD_1_10x_0016200_0047162,S.3152_26_A3FD_1,10x,neg,0,e3b0c44298fc1c14,1224608,unknown,allowlist_default,
10x/S.3152_26_A3FD_1_10x_0017686_0016957,S.3152_26_A3FD_1,10x,pos,1,1eadcc624915b6db,1409539,unknown,allowlist_default,
10x/S.3152_26_A3FD_1_10x_0018118_0049740,S.3152_26_A3FD_1,10x,pos,1,06f71c940cacbea3,1946371,unknown,allowlist_default,
10x/S.3152_26_A3FD_1_10x_0018118_0049740_dup1,S.3152_26_A3FD_1,10x,pos,1,06f71c940cacbea3,1946371,unknown,allowlist_default,
10x/S.3152_26_A3FD_1_10x_0018118_0049740_dup2,S.3152_26_A3FD_1,10x,pos,1,06f71c940cacbea3,1946371,unknown,allowlist_default,
10x/S.3152_26_A3FD_1_10x_0018118_0049740_dup3,S.3152_26_A3FD_1,10x,pos,1,06f71c940cacbea3,1946371,unknown,allowlist_default,
10x/S.3152_26_A3FD_1_10x_0019579_0041702,S.3152_26_A3FD_1,10x,pos,1,c3ee56df7d213c42,1586457,unknown,allowlist_default,
10x/S.3152_26_A3FD_1_10x_0019665_0012333,S.3152_26_A3FD_1,10x,pos,1,5a4aa23ab2648f0a,1755396,unknown,allowlist_default,
10x/S.3152_26_A3FD_1_10x_0020478_0050292,S.3152_26_A3FD_1,10x,pos,1,0ce42cd553f18aa5,1919639,unknown,allowlist_default,
10x/S.3152_26_A3FD_1_10x_0020478_0050292_dup1,S.3152_26_A3FD_1,10x,pos,1,0ce42cd553f18aa5,1919639,unknown,allowlist_default,
10x/S.3152_26_A3FD_1_10x_0020478_0050292_dup2,S.3152_26_A3FD_1,10x,pos,1,0ce42cd553f18aa5,1919639,unknown,allowlist_default,
10x/S.3152_26_A3FD_1_10x_0020478_0050292_dup3,S.3152_26_A3FD_1,10x,pos,1,0ce42cd553f18aa5,1919639,unknown,allowlist_default,
10x/S.3152_26_A3FD_1_10x_0022826_0010672,S.3152_26_A3FD_1,10x,pos,1,6794e2f66f6b605b,1482238,unknown,allowlist_default,
10x/S.3152_26_A3FD_1_10x_0023151_0044041,S.3152_26_A3FD_1,10x,pos,2,f4ce620071fe0034,1539993,unknown,allowlist_default,
10x/S.3152_26_A3FD_1_10x_0023623_0018725,S.3152_26_A3FD_1,10x,pos,2,c2c247517cc8cafa,1624257,unknown,allowlist_default,
10x/S.3152_26_A3FD_1_10x_0024324_0053419,S.3152_26_A3FD_1,10x,neg,0,e3b0c44298fc1c14,1885609,unknown,allowlist_default,
10x/S.3152_26_A3FD_1_10x_0025322_0008197,S.3152_26_A3FD_1,10x,pos,2,74b6509853db391c,1648997,unknown,allowlist_default,
10x/S.3152_26_A3FD_1_10x_0025322_0008197_dup1,S.3152_26_A3FD_1,10x,pos,2,74b6509853db391c,1648997,unknown,allowlist_default,
10x/S.3152_26_A3FD_1_10x_0026077_0016314,S.3152_26_A3FD_1,10x,pos,3,10fa090f88131b4b,1641676,unknown,allowlist_default,
10x/S.3152_26_A3FD_1_10x_0026325_0032225,S.3152_26_A3FD_1,10x,pos,1,12a8ecda0373b885,1372227,unknown,allowlist_default,
10x/S.3152_26_A3FD_1_10x_0027698_0013389,S.3152_26_A3FD_1,10x,pos,3,2cb81b73cc9b111e,1772339,unknown,allowlist_default,
10x/S.3152_26_A3FD_1_10x_0029187_0046158,S.3152_26_A3FD_1,10x,pos,2,4121328ced9c91af,1851924,unknown,allowlist_default,
10x/S.3152_26_A3FD_1_10x_0029565_0013275,S.3152_26_A3FD_1,10x,pos,3,16b55042bc46428a,1694768,unknown,allowlist_default,
10x/S.3152_26_A3FD_1_10x_0030197_0039977,S.3152_26_A3FD_1,10x,pos,3,562d10263ebce736,1604030,unknown,allowlist_default,
10x/S.3152_26_A3FD_1_10x_0030460_0044682,S.3152_26_A3FD_1,10x,pos,1,f710c94c063a68bf,1578228,unknown,allowlist_default,
10x/S.3152_26_A3FD_1_10x_0030525_0039193,S.3152_26_A3FD_1,10x,pos,3,70388167a1eb410c,1504800,unknown,allowlist_default,
10x/S.3152_26_A3FD_1_10x_0031165_0011362,S.3152_26_A3FD_1,10x,pos,2,9676b01ebd163ccb,1799271,unknown,allowlist_default,
10x/S.3152_26_A3FD_1_10x_0032139_0040757,S.3152_26_A3FD_1,10x,pos,4,a1a72753f5e4948b,1589245,unknown,allowlist_default,
10x/S.3152_26_A3FD_1_10x_0032620_0019780,S.3152_26_A3FD_1,10x,pos,2,1218cfc2b114c34e,1772028,unknown,allowlist_default,
10x/S.3152_26_A3FD_1_10x_0033024_0044415,S.3152_26_A3FD_1,10x,pos,5,275a1be5a209105a,1624064,unknown,allowlist_default,
10x/S.3152_26_A3FD_1_10x_0033520_0012731,S.3152_26_A3FD_1,10x,pos,2,67b528ab0cce6426,1465251,unknown,allowlist_default,
10x/S.3152_26_A3FD_1_10x_0036339_0041052,S.3152_26_A3FD_1,10x,pos,4,fcbabbefad6acacf,1766905,unknown,allowlist_default,
10x/S.3152_26_A3FD_1_10x_0037693_0035551,S.3152_26_A3FD_1,10x,neg,0,e3b0c44298fc1c14,1241277,unknown,allowlist_default,
10x/S.3152_26_A3FD_1_10x_0037721_0052593,S.3152_26_A3FD_1,10x,pos,1,558cae2af0cc2008,1615438,unknown,allowlist_default,
10x/S.3152_26_A3FD_1_10x_0038093_0021708,S.3152_26_A3FD_1,10x,pos,2,d1109f06ac31ac84,1794952,unknown,allowlist_default,
10x/S.3152_26_A3FD_1_10x_0038891_0010584,S.3152_26_A3FD_1,10x,pos,2,344ddfb716f9e255,1896933,unknown,allowlist_default,
10x/S.3152_26_A3FD_1_10x_0039976_0051570,S.3152_26_A3FD_1,10x,pos,2,f55561c927293538,1507274,unknown,allowlist_default,
10x/S.3152_26_A3FD_1_10x_0040438_0033708,S.3152_26_A3FD_1,10x,pos,1,6a7b3c8ac8e49098,1305530,unknown,allowlist_default,
10x/S.3152_26_A3FD_1_10x_0040808_0010824,S.3152_26_A3FD_1,10x,pos,5,07ae7bb2d237dcd3,1991100,unknown,allowlist_default,
10x/S.3152_26_A3FD_1_10x_0040808_0010824_dup1,S.3152_26_A3FD_1,10x,pos,5,07ae7bb2d237dcd3,1991100,unknown,allowlist_default,
10x/S.3152_26_A3FD_1_10x_0041313_0050531,S.3152_26_A3FD_1,10x,pos,1,b8256b8d6e243dc5,1326633,unknown,allowlist_default,
10x/S.3152_26_A3FD_1_10x_0041358_0034784,S.3152_26_A3FD_1,10x,pos,1,e850dd031df9336d,1010670,unknown,allowlist_default,
10x/S.3152_26_A3FD_1_10x_0041369_0044629,S.3152_26_A3FD_1,10x,pos,3,f1533008c410a963,1482029,unknown,allowlist_default,
10x/S.3152_26_A3FD_1_10x_0041541_0021902,S.3152_26_A3FD_1,10x,neg,0,e3b0c44298fc1c14,1596872,unknown,allowlist_default,
10x/S.3152_26_A3FD_1_10x_0041565_0018826,S.3152_26_A3FD_1,10x,pos,2,18c976a0df38f030,1831180,unknown,allowlist_default,
10x/S.3152_26_A3FD_1_10x_0041565_0018826_dup1,S.3152_26_A3FD_1,10x,pos,2,18c976a0df38f030,1831180,unknown,allowlist_default,
10x/S.3152_26_A3FD_1_10x_0042746_0024736,S.3152_26_A3FD_1,10x,pos,1,9fbc7492632f42fc,1305047,unknown,allowlist_default,
10x/S.3152_26_A3FD_1_10x_0042778_0027351,S.3152_26_A3FD_1,10x,pos,2,6e4b03c7b8b0a789,1408651,unknown,allowlist_default,
10x/S.3152_26_A3FD_1_10x_0043858_0044917,S.3152_26_A3FD_1,10x,pos,3,7f3d7c141d485318,1675968,unknown,allowlist_default,
10x/S.3152_26_A3FD_1_10x_0043892_0017842,S.3152_26_A3FD_1,10x,pos,1,d87fc489b9b67e3d,1422775,unknown,allowlist_default,
10x/S.3152_26_A3FD_1_10x_0044182_0042842,S.3152_26_A3FD_1,10x,pos,3,2b2d9bb5b7f63d9d,1288219,unknown,allowlist_default,
10x/S.3152_26_A3FD_1_10x_0044243_0018825,S.3152_26_A3FD_1,10x,pos,1,bc598461279842e7,1636357,unknown,allowlist_default,
10x/S.3152_26_A3FD_1_10x_0044439_0025594,S.3152_26_A3FD_1,10x,pos,2,a0de8fb2cfd0b0f1,1175462,unknown,allowlist_default,
10x/S.3152_26_A3FD_1_10x_0044952_0049697,S.3152_26_A3FD_1,10x,pos,2,7052e0020907e768,1484421,unknown,allowlist_default,
10x/S.3152_26_A3FD_1_10x_0045591_0023065,S.3152_26_A3FD_1,10x,neg,0,e3b0c44298fc1c14,1318800,unknown,allowlist_default,
10x/S.3152_26_A3FD_1_10x_0046569_0013071,S.3152_26_A3FD_1,10x,pos,1,1a473476ce79bb52,1726444,unknown,allowlist_default,
10x/S.3152_26_A3FD_1_10x_0046701_0021452,S.3152_26_A3FD_1,10x,neg,0,e3b0c44298fc1c14,1315191,unknown,allowlist_default,
10x/S.3152_26_A3FD_1_10x_0046960_0033613,S.3152_26_A3FD_1,10x,pos,1,e8aff32f49502c66,1519812,unknown,allowlist_default,
10x/S.3152_26_A3FD_1_10x_0047591_0032716,S.3152_26_A3FD_1,10x,pos,1,ab35d0450549e5e5,1467899,unknown,allowlist_default,
10x/S.3152_26_A3FD_1_10x_0047814_0015226,S.3152_26_A3FD_1,10x,pos,2,389d93ccaa7d1149,1626294,unknown,allowlist_default,
10x/S.3152_26_A3FD_1_10x_0048217_0038612,S.3152_26_A3FD_1,10x,pos,1,2dec19901f8a8ec0,1332705,unknown,allowlist_default,
10x/S.3152_26_A3FD_1_10x_0048564_0018021,S.3152_26_A3FD_1,10x,pos,1,8bcb03ada1959ce3,1553318,unknown,allowlist_default,
10x/S.3152_26_A3FD_1_10x_0048694_0011199,S.3152_26_A3FD_1,10x,pos,1,9b24bd8e64698f53,1510827,unknown,allowlist_default,
10x/S.3152_26_A3FD_1_10x_0048968_0039318,S.3152_26_A3FD_1,10x,pos,2,aec486d4a5cbd21f,1472125,unknown,allowlist_default,
10x/S.3152_26_A3FD_1_10x_0049153_0030441,S.3152_26_A3FD_1,10x,pos,3,461deb511bb9cfb1,1484288,unknown,allowlist_default,
10x/S.3152_26_A3FD_1_10x_0049483_0028643,S.3152_26_A3FD_1,10x,pos,3,1f07930bc3ff4440,1498749,unknown,allowlist_default,
10x/S.3152_26_A3FD_1_10x_0049525_0025716,S.3152_26_A3FD_1,10x,pos,2,4bdfc86e02b16341,1500525,unknown,allowlist_default,
10x/S.3152_26_A3FD_1_10x_0050454_0021690,S.3152_26_A3FD_1,10x,pos,2,d31047a2b49d03b3,1428119,unknown,allowlist_default,
10x/S.3152_26_A3FD_1_10x_0050539_0023438,S.3152_26_A3FD_1,10x,pos,2,40b7a57194ab7eb6,1458983,unknown,allowlist_default,
10x/S.3152_26_A3FD_1_10x_0056348_0045361,S.3152_26_A3FD_1,10x,pos,2,fe0d2285927c608c,1765226,unknown,allowlist_default,
10x/S.3152_26_A3FD_1_10x_0056348_0045361_dup1,S.3152_26_A3FD_1,10x,pos,2,fe0d2285927c608c,1765226,unknown,allowlist_default,
10x/S.3152_26_A3FD_1_10x_0059264_0042979,S.3152_26_A3FD_1,10x,pos,2,83710c1241545002,1726556,unknown,allowlist_default,
10x/S.3152_26_A3FD_1_10x_0114989_0030207,S.3152_26_A3FD_1,10x,pos,1,a94f7a6f18af9afb,1539756,unknown,allowlist_default,
10x/S.3152_26_A3FD_1_10x_0115929_0023655,S.3152_26_A3FD_1,10x,pos,1,87ed2c4efb0d75fa,1622345,unknown,allowlist_default,
10x/S.3152_26_A3FD_1_10x_0115929_0023655_dup1,S.3152_26_A3FD_1,10x,pos,1,87ed2c4efb0d75fa,1622345,unknown,allowlist_default,
10x/S.3152_26_A3FD_1_10x_0118249_0046698,S.3152_26_A3FD_1,10x,pos,1,ffc06d969e3d98c4,1602582,unknown,allowlist_default,
10x/S.3152_26_A3FD_1_10x_0118635_0022758,S.3152_26_A3FD_1,10x,pos,1,56ca8ff682e5c119,1148697,unknown,allowlist_default,
10x/S.3152_26_A3FD_1_10x_0121959_0029157,S.3152_26_A3FD_1,10x,pos,1,dc14e2a6ef1eab40,1585339,unknown,allowlist_default,
10x/S.3152_26_A3FD_1_10x_0121959_0029157_bigdup1,S.3152_26_A3FD_1,10x,pos,1,dc14e2a6ef1eab40,1585339,unknown,allowlist_default,
10x/S.3152_26_A3FD_1_10x_0121959_0029157_bigdup2,S.3152_26_A3FD_1,10x,pos,1,dc14e2a6ef1eab40,1585339,unknown,allowlist_default,
10x/S.3152_26_A3FD_1_10x_0121959_0029157_bigdup3,S.3152_26_A3FD_1,10x,pos,1,dc14e2a6ef1eab40,1585339,unknown,allowlist_default,
10x/S.3152_26_A3FD_1_10x_0123505_0049024,S.3152_26_A3FD_1,10x,pos,2,8cb8235bd3db3071,1940626,unknown,allowlist_default,
10x/S.3152_26_A3FD_1_10x_0126419_0050084,S.3152_26_A3FD_1,10x,pos,2,b9a2c0830f362593,2002922,unknown,allowlist_default,
10x/S.3152_26_A3FD_1_10x_0126653_0042540,S.3152_26_A3FD_1,10x,pos,1,7031367e09bd925e,1869039,unknown,allowlist_default,
10x/S.3152_26_A3FD_1_10x_0126653_0042540_bigdup1,S.3152_26_A3FD_1,10x,pos,1,7031367e09bd925e,1869039,unknown,allowlist_default,
10x/S.3152_26_A3FD_1_10x_0126653_0042540_bigdup2,S.3152_26_A3FD_1,10x,pos,1,7031367e09bd925e,1869039,unknown,allowlist_default,
10x/S.3152_26_A3FD_1_10x_0126653_0042540_bigdup3,S.3152_26_A3FD_1,10x,pos,1,7031367e09bd925e,1869039,unknown,allowlist_default,
10x/S.3152_26_A3FD_1_10x_0128071_0052038,S.3152_26_A3FD_1,10x,pos,4,9a237d545786c823,1749299,unknown,allowlist_default,
10x/S.3152_26_A3FD_1_10x_0128508_0053419,S.3152_26_A3FD_1,10x,pos,3,abc8d1c0284d788b,1859740,unknown,allowlist_default,
10x/S.3152_26_A3FD_1_10x_0129180_0010596,S.3152_26_A3FD_1,10x,pos,3,9c0cd6add72ebb4a,1551106,unknown,allowlist_default,
10x/S.3152_26_A3FD_1_10x_0130113_0018261,S.3152_26_A3FD_1,10x,pos,2,713cad1c5ee49755,1644241,unknown,allowlist_default,
10x/S.3152_26_A3FD_1_10x_0130879_0008890,S.3152_26_A3FD_1,10x,pos,3,55902607e7e11474,1531079,unknown,allowlist_default,
10x/S.3152_26_A3FD_1_10x_0130898_0055659,S.3152_26_A3FD_1,10x,pos,3,cc380d79b78a0ae5,1785744,unknown,allowlist_default,
10x/S.3152_26_A3FD_1_10x_0130898_0055659_bigdup1,S.3152_26_A3FD_1,10x,pos,3,cc380d79b78a0ae5,1785744,unknown,allowlist_default,
10x/S.3152_26_A3FD_1_10x_0130898_0055659_bigdup2,S.3152_26_A3FD_1,10x,pos,3,cc380d79b78a0ae5,1785744,unknown,allowlist_default,
10x/S.3152_26_A3FD_1_10x_0130898_0055659_bigdup3,S.3152_26_A3FD_1,10x,pos,3,cc380d79b78a0ae5,1785744,unknown,allowlist_default,
10x/S.3152_26_A3FD_1_10x_0130926_0045495,S.3152_26_A3FD_1,10x,pos,4,525d1041199c251b,1797951,unknown,allowlist_default,
10x/S.3152_26_A3FD_1_10x_0131241_0044542,S.3152_26_A3FD_1,10x,pos,4,b9ae676e3b305b69,1524004,unknown,allowlist_default,
10x/S.3152_26_A3FD_1_10x_0131544_0053161,S.3152_26_A3FD_1,10x,pos,1,82b1bf39cb9392b6,1985841,unknown,allowlist_default,
10x/S.3152_26_A3FD_1_10x_0131544_0053161_bigdup1,S.3152_26_A3FD_1,10x,pos,1,82b1bf39cb9392b6,1985841,unknown,allowlist_default,
10x/S.3152_26_A3FD_1_10x_0131544_0053161_bigdup2,S.3152_26_A3FD_1,10x,pos,1,82b1bf39cb9392b6,1985841,unknown,allowlist_default,
10x/S.3152_26_A3FD_1_10x_0131544_0053161_bigdup3,S.3152_26_A3FD_1,10x,pos,1,82b1bf39cb9392b6,1985841,unknown,allowlist_default,
10x/S.3152_26_A3FD_1_10x_0131595_0045525,S.3152_26_A3FD_1,10x,pos,4,ba54ed7e9162058f,1813856,unknown,allowlist_default,
10x/S.3152_26_A3FD_1_10x_0132154_0007782,S.3152_26_A3FD_1,10x,pos,2,48085ed020282eab,1593337,unknown,allowlist_default,
10x/S.3152_26_A3FD_1_10x_0132639_0031846,S.3152_26_A3FD_1,10x,pos,1,9633c5b4eceeacdf,1416989,unknown,allowlist_default,
10x/S.3152_26_A3FD_1_10x_0132874_0014886,S.3152_26_A3FD_1,10x,pos,1,5038bb3e9cdcf113,1757164,unknown,allowlist_default,
10x/S.3152_26_A3FD_1_10x_0132874_0014886_bigdup1,S.3152_26_A3FD_1,10x,pos,1,5038bb3e9cdcf113,1757164,unknown,allowlist_default,
10x/S.3152_26_A3FD_1_10x_0132874_0014886_bigdup2,S.3152_26_A3FD_1,10x,pos,1,5038bb3e9cdcf113,1757164,unknown,allowlist_default,
10x/S.3152_26_A3FD_1_10x_0132874_0014886_bigdup3,S.3152_26_A3FD_1,10x,pos,1,5038bb3e9cdcf113,1757164,unknown,allowlist_default,
10x/S.3152_26_A3FD_1_10x_0135083_0045734,S.3152_26_A3FD_1,10x,pos,1,e2feb9241ff188e3,1866707,unknown,allowlist_default,
10x/S.3152_26_A3FD_1_10x_0135530_0017708,S.3152_26_A3FD_1,10x,pos,3,120fd6f5aee8828a,1290044,unknown,allowlist_default,
10x/S.3152_26_A3FD_1_10x_0136345_0038578,S.3152_26_A3FD_1,10x,pos,1,7031367e09bd925e,1459192,unknown,allowlist_default,
10x/S.3152_26_A3FD_1_10x_0136345_0038578_bigdup1,S.3152_26_A3FD_1,10x,pos,1,7031367e09bd925e,1459192,unknown,allowlist_default,
10x/S.3152_26_A3FD_1_10x_0136345_0038578_bigdup2,S.3152_26_A3FD_1,10x,pos,1,7031367e09bd925e,1459192,unknown,allowlist_default,
10x/S.3152_26_A3FD_1_10x_0136345_0038578_bigdup3,S.3152_26_A3FD_1,10x,pos,1,7031367e09bd925e,1459192,unknown,allowlist_default,
10x/S.3152_26_A3FD_1_10x_0136347_0019336,S.3152_26_A3FD_1,10x,pos,3,62e2f34d3a221b98,1307337,unknown,allowlist_default,
10x/S.3152_26_A3FD_1_10x_0136359_0012904,S.3152_26_A3FD_1,10x,pos,2,738e0ff553efe6aa,1744594,unknown,allowlist_default,
10x/S.3152_26_A3FD_1_10x_0138065_0044111,S.3152_26_A3FD_1,10x,pos,2,b445d13327ca2352,1518995,unknown,allowlist_default,
10x/S.3152_26_A3FD_1_10x_0139366_0019433,S.3152_26_A3FD_1,10x,pos,2,a656b2c2d477984d,1655846,unknown,allowlist_default,
10x/S.3152_26_A3FD_1_10x_0140106_0034042,S.3152_26_A3FD_1,10x,pos,1,36c71f9e5945cf3c,1329345,unknown,allowlist_default,
10x/S.3152_26_A3FD_1_10x_0140157_0044027,S.3152_26_A3FD_1,10x,pos,2,4253755a6587fdb7,1635496,unknown,allowlist_default,
10x/S.3152_26_A3FD_1_10x_0140414_0012319,S.3152_26_A3FD_1,10x,pos,1,8248dda6bf8bbfe7,1447301,unknown,allowlist_default,
10x/S.3152_26_A3FD_1_10x_0141281_0021653,S.3152_26_A3FD_1,10x,pos,2,2fa9dd0a1763631f,1754458,unknown,allowlist_default,
10x/S.3152_26_A3FD_1_10x_0142470_0040777,S.3152_26_A3FD_1,10x,pos,1,544887332b9c662f,1693644,unknown,allowlist_default,
10x/S.3152_26_A3FD_1_10x_0143703_0012453,S.3152_26_A3FD_1,10x,pos,1,8ae38a33fea08ba3,1375380,unknown,allowlist_default,
10x/S.3152_26_A3FD_1_10x_0144842_0021514,S.3152_26_A3FD_1,10x,pos,2,2fc7c6f41172fc56,1691597,unknown,allowlist_default,
10x/S.3152_26_A3FD_1_10x_0145284_0018136,S.3152_26_A3FD_1,10x,pos,1,d5cd5d69aac2c535,1934273,unknown,allowlist_default,
10x/S.3152_26_A3FD_1_10x_0145910_0051502,S.3152_26_A3FD_1,10x,pos,2,aef77158d5fd1e18,1432527,unknown,allowlist_default,
10x/S.3152_26_A3FD_1_10x_0146679_0031387,S.3152_26_A3FD_1,10x,pos,2,ddfd7c6283402ea4,1639714,unknown,allowlist_default,
10x/S.3152_26_A3FD_1_10x_0146780_0033684,S.3152_26_A3FD_1,10x,pos,2,dff551aef9ecd109,1381983,unknown,allowlist_default,
10x/S.3152_26_A3FD_1_10x_0147058_0050527,S.3152_26_A3FD_1,10x,pos,2,2849a63be350999f,1281488,unknown,allowlist_default,
10x/S.3152_26_A3FD_1_10x_0147066_0022305,S.3152_26_A3FD_1,10x,pos,3,356df10384e865e7,1655602,unknown,allowlist_default,
10x/S.3152_26_A3FD_1_10x_0148195_0010665,S.3152_26_A3FD_1,10x,pos,1,d380956b377ac318,1885852,unknown,allowlist_default,
10x/S.3152_26_A3FD_1_10x_0148195_0010665_bigdup1,S.3152_26_A3FD_1,10x,pos,1,d380956b377ac318,1885852,unknown,allowlist_default,
10x/S.3152_26_A3FD_1_10x_0148195_0010665_bigdup2,S.3152_26_A3FD_1,10x,pos,1,d380956b377ac318,1885852,unknown,allowlist_default,
10x/S.3152_26_A3FD_1_10x_0148195_0010665_bigdup3,S.3152_26_A3FD_1,10x,pos,1,d380956b377ac318,1885852,unknown,allowlist_default,
10x/S.3152_26_A3FD_1_10x_0148862_0018847,S.3152_26_A3FD_1,10x,pos,3,9c6dbd6118d4a402,1871235,unknown,allowlist_default,
10x/S.3152_26_A3FD_1_10x_0149401_0027220,S.3152_26_A3FD_1,10x,pos,2,6f98a8baf9369cf0,1455972,unknown,allowlist_default,
10x/S.3152_26_A3FD_1_10x_0149706_0024679,S.3152_26_A3FD_1,10x,pos,3,7f1c82f41b52bcae,1309775,unknown,allowlist_default,
10x/S.3152_26_A3FD_1_10x_0149938_0043688,S.3152_26_A3FD_1,10x,pos,1,24ea87b93088cca1,1518694,unknown,allowlist_default,
10x/S.3152_26_A3FD_1_10x_0149938_0043688_bigdup1,S.3152_26_A3FD_1,10x,pos,1,24ea87b93088cca1,1518694,unknown,allowlist_default,
10x/S.3152_26_A3FD_1_10x_0149938_0043688_bigdup2,S.3152_26_A3FD_1,10x,pos,1,24ea87b93088cca1,1518694,unknown,allowlist_default,
10x/S.3152_26_A3FD_1_10x_0149938_0043688_bigdup3,S.3152_26_A3FD_1,10x,pos,1,24ea87b93088cca1,1518694,unknown,allowlist_default,
10x/S.3152_26_A3FD_1_10x_0150767_0017780,S.3152_26_A3FD_1,10x,pos,3,7bfba1f6ae439545,1476478,unknown,allowlist_default,
10x/S.3152_26_A3FD_1_10x_0150987_0019206,S.3152_26_A3FD_1,10x,pos,4,d36c23841c678f9a,1762078,unknown,allowlist_default,
10x/S.3152_26_A3FD_1_10x_0151066_0049831,S.3152_26_A3FD_1,10x,pos,1,2c241c98469281b7,1425293,unknown,allowlist_default,
10x/S.3152_26_A3FD_1_10x_0152153_0022842,S.3152_26_A3FD_1,10x,pos,3,ab7bb2c58d37fca3,1387755,unknown,allowlist_default,
10x/S.3152_26_A3FD_1_10x_0153011_0020413,S.3152_26_A3FD_1,10x,pos,5,550a166165324b2a,1448447,unknown,allowlist_default,
10x/S.3152_26_A3FD_1_10x_0153503_0021452,S.3152_26_A3FD_1,10x,pos,4,396926ab9641a34f,1338872,unknown,allowlist_default,
10x/S.3152_26_A3FD_1_10x_0153608_0012943,S.3152_26_A3FD_1,10x,pos,3,fdffa82d1b93d76d,1816773,unknown,allowlist_default,
10x/S.3152_26_A3FD_1_10x_0153813_0033124,S.3152_26_A3FD_1,10x,pos,1,4108a6d2092216d6,1514915,unknown,allowlist_default,
10x/S.3152_26_A3FD_1_10x_0154777_0038429,S.3152_26_A3FD_1,10x,pos,1,1b61ae4db62e95b0,1389310,unknown,allowlist_default,
10x/S.3152_26_A3FD_1_10x_0154820_0015109,S.3152_26_A3FD_1,10x,pos,4,a8b60dc22f202010,1796816,unknown,allowlist_default,
10x/S.3152_26_A3FD_1_10x_0155234_0017859,S.3152_26_A3FD_1,10x,pos,2,4fb63f0b9a35b127,1501059,unknown,allowlist_default,
10x/S.3152_26_A3FD_1_10x_0155779_0015881,S.3152_26_A3FD_1,10x,pos,4,c4fde699159389f2,1697642,unknown,allowlist_default,
10x/S.3152_26_A3FD_1_10x_0155896_0029508,S.3152_26_A3FD_1,10x,pos,1,3946c45b67e30e85,1608210,unknown,allowlist_default,
10x/S.3152_26_A3FD_1_10x_0155999_0048272,S.3152_26_A3FD_1,10x,pos,1,650daf13be9f7818,1505971,unknown,allowlist_default,
10x/S.3152_26_A3FD_1_10x_0156609_0022413,S.3152_26_A3FD_1,10x,pos,1,ae99918e5017ef22,1397001,unknown,allowlist_default,
10x/S.3152_26_A3FD_1_10x_0156676_0025826,S.3152_26_A3FD_1,10x,pos,1,7e22f7858e7937e4,1666382,unknown,allowlist_default,
10x/S.3152_26_A3FD_1_10x_0156791_0013871,S.3152_26_A3FD_1,10x,pos,3,ab8fe3503f4b9b7c,1691021,unknown,allowlist_default,
10x/S.3152_26_A3FD_1_10x_0159266_0031687,S.3152_26_A3FD_1,10x,pos,1,ffcdf98203770de2,1642934,unknown,allowlist_default,
10x/S.3152_26_A3FD_1_10x_0161772_0045866,S.3152_26_A3FD_1,10x,pos,2,4fa37ae1c3a9ea8d,1797214,unknown,allowlist_default,
10x/S.3152_26_A3FD_1_10x_0163484_0044847,S.3152_26_A3FD_1,10x,pos,2,b3d5bc0987643dc6,1764394,unknown,allowlist_default,
10x/S.3152_26_A3FD_1_10x_0166792_0042080,S.3152_26_A3FD_1,10x,pos,2,f3c2653d94d09f52,1769539,unknown,allowlist_default,
10x/S.3152_26_A3FD_1_10x_0168106_0040118,S.3152_26_A3FD_1,10x,pos,2,7c59ec766a911555,1358268,unknown,allowlist_default,
10x/S.3508_26_EFD_1_10x_0006797_0027507,S.3508_26_EFD_1,10x,val_pos,1,23e2440e1bbcd5b7,1663245,yes,allowlist_default,
10x/S.3508_26_EFD_1_10x_0029807_0031195,S.3508_26_EFD_1,10x,val_pos,1,7d1d35b21ed3c7ee,1597707,yes,allowlist_default,
10x/S.3508_26_EFD_1_10x_0034119_0039746,S.3508_26_EFD_1,10x,val_pos,1,92dc7c40d6e88029,1964580,yes,allowlist_default,
10x/S.3508_26_EFD_1_10x_0055741_0033005,S.3508_26_EFD_1,10x,val_pos,2,a57d8085122f4784,2139236,yes,allowlist_default,
10x/S.3508_26_EFD_1_10x_0057076_0031307,S.3508_26_EFD_1,10x,val_pos,3,d39a4800f8aad726,2237991,yes,allowlist_default,
10x/S.3508_26_EFD_1_10x_0058800_0057100,S.3508_26_EFD_1,10x,val_pos,1,77d12b03187df767,2038942,yes,allowlist_default,
10x/S.3508_26_EFD_1_10x_0059357_0031541,S.3508_26_EFD_1,10x,val_pos,2,8d4162c9e53a8b38,2206292,yes,allowlist_default,
10x/S.3508_26_EFD_1_10x_0070174_0021978,S.3508_26_EFD_1,10x,val_pos,3,3ce5352ca020063c,2150414,yes,allowlist_default,
10x/S.3508_26_EFD_1_10x_0071306_0029673,S.3508_26_EFD_1,10x,val_pos,1,7798e88125d45b03,2203539,yes,allowlist_default,
10x/S.3508_26_EFD_1_10x_0071328_0022059,S.3508_26_EFD_1,10x,val_pos,3,086c3131ee327a3c,2303634,yes,allowlist_default,
10x/S.3508_26_EFD_1_10x_0071857_0021521,S.3508_26_EFD_1,10x,val_pos,3,fbaca94b3f1ec238,2180641,yes,allowlist_default,
10x/S.3508_26_EFD_1_10x_0099818_0015641,S.3508_26_EFD_1,10x,val_pos,1,f3dfe6f2d050b037,1932608,yes,allowlist_default,
10x/S.3508_26_EFD_1_10x_0105623_0023191,S.3508_26_EFD_1,10x,val_pos,1,7031367e09bd925e,2165919,yes,allowlist_default,
10x/S.3508_26_EFD_1_10x_0107256_0042123,S.3508_26_EFD_1,10x,val_pos,1,cf513e77b942dc14,2040050,yes,allowlist_default,
10x/S.3508_26_EFD_1_10x_0117491_0033950,S.3508_26_EFD_1,10x,val_pos,1,f537fd4e29432b95,2003548,yes,allowlist_default,
10x/S.3508_26_EFD_1_10x_0122805_0020388,S.3508_26_EFD_1,10x,val_pos,1,fb177dee2ce47381,1749379,yes,allowlist_default,
10x/S.3508_26_EFD_1_10x_0150081_0021499,S.3508_26_EFD_1,10x,val_pos,1,b757bff5a82fc404,1890144,yes,allowlist_default,
10x/S.3508_26_JFD_2_10x_0017909_0026121,S.3508_26_JFD_2,10x,val_pos,1,07d59ff3feb6b2df,1771009,yes,allowlist_default,
10x/S.3508_26_JFD_2_10x_0020241_0033322,S.3508_26_JFD_2,10x,val_pos,3,e9a096265d956e0f,1872145,yes,allowlist_default,
10x/S.3508_26_JFD_2_10x_0021298_0034727,S.3508_26_JFD_2,10x,val_pos,4,840595ea5041969f,1944539,yes,allowlist_default,
10x/S.3508_26_JFD_2_10x_0021992_0033303,S.3508_26_JFD_2,10x,val_pos,5,fa1453e737d102ce,2054149,yes,allowlist_default,
10x/S.3508_26_JFD_2_10x_0023117_0034742,S.3508_26_JFD_2,10x,val_pos,5,a65b698d10d6bd0e,1937058,yes,allowlist_default,
10x/S.3508_26_JFD_2_10x_0025181_0046848,S.3508_26_JFD_2,10x,val_pos,2,bb8997dd42aae99b,2063588,yes,allowlist_default,
10x/S.3508_26_JFD_2_10x_0025645_0034432,S.3508_26_JFD_2,10x,val_pos,2,ff747f0b0196aadd,2144396,yes,allowlist_default,
10x/S.3508_26_JFD_2_10x_0025869_0042757,S.3508_26_JFD_2,10x,val_pos,1,868c38995afe43c3,2018548,yes,allowlist_default,
10x/S.3508_26_JFD_2_10x_0025936_0048348,S.3508_26_JFD_2,10x,val_pos,3,6c604a77f9bdfe5e,2251196,yes,allowlist_default,
10x/S.3508_26_JFD_2_10x_0026179_0038080,S.3508_26_JFD_2,10x,val_pos,2,affa69d36d6867d6,2095720,yes,allowlist_default,
10x/S.3508_26_JFD_2_10x_0026700_0062194,S.3508_26_JFD_2,10x,val_pos,1,9679f82622809808,1806995,yes,allowlist_default,
10x/S.3508_26_JFD_2_10x_0026857_0027322,S.3508_26_JFD_2,10x,val_pos,3,b9a7d7da02daa0ed,2022768,yes,allowlist_default,
10x/S.3508_26_JFD_2_10x_0027035_0029532,S.3508_26_JFD_2,10x,val_pos,3,194c431c75ac7f39,2101258,yes,allowlist_default,
10x/S.3508_26_JFD_2_10x_0027319_0033472,S.3508_26_JFD_2,10x,val_pos,2,99b9cc4c985f7046,2101512,yes,allowlist_default,
10x/S.3508_26_JFD_2_10x_0027475_0050991,S.3508_26_JFD_2,10x,val_pos,1,121f684677caaf71,2010033,yes,allowlist_default,
10x/S.3508_26_JFD_2_10x_0028739_0029192,S.3508_26_JFD_2,10x,val_pos,5,0b53b40c53d0076b,2056831,yes,allowlist_default,
10x/S.3508_26_JFD_2_10x_0029274_0065059,S.3508_26_JFD_2,10x,val_pos,2,749b173476465cc4,1909253,yes,allowlist_default,
10x/S.3508_26_JFD_2_10x_0029288_0040733,S.3508_26_JFD_2,10x,val_pos,3,7fb80605ac75b489,2125552,yes,allowlist_default,
10x/S.3508_26_JFD_2_10x_0029375_0056069,S.3508_26_JFD_2,10x,val_pos,1,7031367e09bd925e,1809813,yes,allowlist_default,
10x/S.3508_26_JFD_2_10x_0030262_0028558,S.3508_26_JFD_2,10x,val_pos,3,56e15e581164d95e,1838338,yes,allowlist_default,
10x/S.3508_26_JFD_2_10x_0030437_0043238,S.3508_26_JFD_2,10x,val_pos,3,96279926a50fd14b,1990416,yes,allowlist_default,
10x/S.3508_26_JFD_2_10x_0030459_0029194,S.3508_26_JFD_2,10x,val_pos,3,772c403f6d5d425d,1882699,yes,allowlist_default,
10x/S.3508_26_JFD_2_10x_0034021_0062200,S.3508_26_JFD_2,10x,val_pos,1,7031367e09bd925e,2297354,yes,allowlist_default,
10x/S.3508_26_JFD_2_10x_0034591_0040118,S.3508_26_JFD_2,10x,val_pos,1,7031367e09bd925e,1940151,yes,allowlist_default,
10x/S.3508_26_JFD_2_10x_0036967_0046084,S.3508_26_JFD_2,10x,val_pos,1,9cb0d8d40ef40672,2135121,yes,allowlist_default,
10x/S.3508_26_JFD_2_10x_0039064_0038856,S.3508_26_JFD_2,10x,val_pos,2,9dcaf6115798533d,2301861,yes,allowlist_default,
10x/S.3508_26_JFD_2_10x_0039280_0046601,S.3508_26_JFD_2,10x,val_pos,2,7bd59cea73e8caca,1872032,yes,allowlist_default,
10x/S.3508_26_JFD_2_10x_0040102_0041228,S.3508_26_JFD_2,10x,val_pos,2,01b52aad53097451,2007535,yes,allowlist_default,
10x/S.3508_26_JFD_2_10x_0043814_0041352,S.3508_26_JFD_2,10x,val_pos,1,cc95d6e0ef1b3839,1982630,yes,allowlist_default,
10x/S.3508_26_JFD_2_10x_0049001_0047870,S.3508_26_JFD_2,10x,val_pos,2,ecb1d1e9b0c16697,1956793,yes,allowlist_default,
10x/S.3508_26_JFD_2_10x_0049936_0050656,S.3508_26_JFD_2,10x,val_pos,3,602498c610c29d76,2041768,yes,allowlist_default,
10x/S.3508_26_JFD_2_10x_0050842_0049477,S.3508_26_JFD_2,10x,val_pos,3,5850cc8ad85e234f,2024541,yes,allowlist_default,
10x/S.3508_26_JFD_2_10x_0057334_0072999,S.3508_26_JFD_2,10x,val_pos,2,f5d76aaef1e03054,1575213,yes,allowlist_default,
10x/S.3508_26_JFD_2_10x_0058455_0071753,S.3508_26_JFD_2,10x,val_pos,3,a9da765c83e64a21,1752554,yes,allowlist_default,
10x/S.3508_26_JFD_2_10x_0059466_0070418,S.3508_26_JFD_2,10x,val_pos,2,3f9e22ffebf05e8e,1704480,yes,allowlist_default,
10x/S.3508_26_JFD_2_10x_0068388_0034313,S.3508_26_JFD_2,10x,val_pos,1,1d5fb60aa714e923,2175080,yes,allowlist_default,
10x/S.3508_26_JFD_2_10x_0083217_0053750,S.3508_26_JFD_2,10x,val_pos,1,ffc2b5379e06ed3f,1851060,yes,allowlist_default,
10x/S.3508_26_JFD_2_10x_0087122_0052789,S.3508_26_JFD_2,10x,val_pos,1,0bc19c2ae6682391,1912278,yes,allowlist_default,
10x/S.3508_26_JFD_2_10x_0122038_0023031,S.3508_26_JFD_2,10x,val_pos,1,f8519ea0013162cf,1546928,yes,allowlist_default,
10x/S.3508_26_JFD_2_10x_0128642_0046213,S.3508_26_JFD_2,10x,val_pos,3,d96ad89ab936ba40,1759437,yes,allowlist_default,
10x/S.3508_26_JFD_2_10x_0129238_0043624,S.3508_26_JFD_2,10x,val_pos,2,90bbd45dc4ead7ab,2006675,yes,allowlist_default,
10x/S.3508_26_JFD_2_10x_0129525_0059040,S.3508_26_JFD_2,10x,val_pos,1,d31904d3eeda8d18,1873693,yes,allowlist_default,
10x/S.3508_26_JFD_2_10x_0129857_0045206,S.3508_26_JFD_2,10x,val_pos,4,66c33d47ece5e103,1914294,yes,allowlist_default,
10x/S.3508_26_JFD_2_10x_0131010_0047989,S.3508_26_JFD_2,10x,val_pos,1,7031367e09bd925e,1936312,yes,allowlist_default,
10x/S.3508_26_JFD_2_10x_0131926_0062089,S.3508_26_JFD_2,10x,val_pos,1,dc25eac326fe5b17,1432719,yes,allowlist_default,
20x/A2FD_1_20x_0014999_0042089,A2FD_1,20x,pos,1,42c259183044f253,1487429,yes,allowlist_default,
20x/A2FD_1_20x_0016617_0053590,A2FD_1,20x,pos,1,d1130f0e77e3c62c,1761623,yes,allowlist_default,
20x/A2FD_1_20x_0016652_0051111,A2FD_1,20x,pos,1,a01a5ecf4077e639,1630211,yes,allowlist_default,
20x/A2FD_1_20x_0016704_0072096,A2FD_1,20x,pos,1,6ca25803ccebe2d0,1620945,yes,allowlist_default,
20x/A2FD_1_20x_0017262_0056812,A2FD_1,20x,pos,1,87130e02030ea6cb,1698386,yes,allowlist_default,
20x/A2FD_1_20x_0018373_0050897,A2FD_1,20x,pos,1,ecd3291e007d8bdd,1535105,yes,allowlist_default,
20x/A2FD_1_20x_0019259_0073129,A2FD_1,20x,pos,1,65bbaa34c5258105,1493102,yes,allowlist_default,
20x/A2FD_1_20x_0022713_0038623,A2FD_1,20x,pos,1,3cf66bb7ea9b2307,1695906,yes,allowlist_default,
20x/A2FD_1_20x_0024145_0042395,A2FD_1,20x,pos,1,0e3419d9e08c3dcf,1556194,yes,allowlist_default,
20x/A2FD_1_20x_0024454_0033545,A2FD_1,20x,pos,1,f034bcdf7ae63325,1844186,yes,allowlist_default,
20x/A2FD_1_20x_0026324_0043162,A2FD_1,20x,pos,2,b016176e3d858d2a,1407290,yes,allowlist_default,
20x/A2FD_1_20x_0027183_0041674,A2FD_1,20x,pos,1,8e455375467dc25e,1349813,yes,allowlist_default,
20x/A2FD_1_20x_0028215_0068537,A2FD_1,20x,pos,1,1c369ab37fd819db,1509473,yes,allowlist_default,
20x/A2FD_1_20x_0030370_0031963,A2FD_1,20x,pos,1,9a2e8ba282651940,1646985,yes,allowlist_default,
20x/A2FD_1_20x_0031605_0030644,A2FD_1,20x,pos,1,9d0c76b4d7800a68,1547335,yes,allowlist_default,
20x/A2FD_1_20x_0031834_0055704,A2FD_1,20x,pos,2,5d422be6b717da21,1585371,yes,allowlist_default,
20x/A2FD_1_20x_0032989_0032996,A2FD_1,20x,pos,3,79c9100f293d5638,1693644,yes,allowlist_default,
20x/A2FD_1_20x_0033429_0031920,A2FD_1,20x,pos,3,86769c7539395277,1545413,yes,allowlist_default,
20x/A2FD_1_20x_0034233_0032138,A2FD_1,20x,pos,3,22f0357298782838,1689682,yes,allowlist_default,
20x/A2FD_1_20x_0034867_0031637,A2FD_1,20x,pos,2,fb126a687ce810b1,1537866,yes,allowlist_default,
20x/A2FD_1_20x_0035981_0060898,A2FD_1,20x,pos,2,4ade76a8880b00e7,1300484,yes,allowlist_default,
20x/A2FD_1_20x_0036624_0060713,A2FD_1,20x,pos,2,fbd5e6421545c295,1307763,yes,allowlist_default,
20x/A2FD_1_20x_0037099_0037489,A2FD_1,20x,pos,1,a7b3f4fb007a204c,1406202,yes,allowlist_default,
20x/A2FD_1_20x_0039446_0024220,A2FD_1,20x,pos,1,227b079e4d247be4,1741409,yes,allowlist_default,
20x/A2FD_1_20x_0040951_0067828,A2FD_1,20x,pos,1,ca37b427779b403f,1330359,yes,allowlist_default,
20x/A2FD_1_20x_0048183_0080083,A2FD_1,20x,pos,1,1b1c19389eb8f603,1426282,yes,allowlist_default,
20x/A2FD_1_20x_0048869_0076716,A2FD_1,20x,pos,1,e81b4ef49f4b8547,1385021,yes,allowlist_default,
20x/A2FD_1_20x_0049239_0041418,A2FD_1,20x,pos,3,dea99e0f360ec10f,1659516,yes,allowlist_default,
20x/A2FD_1_20x_0050009_0040925,A2FD_1,20x,pos,2,d977b477f92d5bb8,1658451,yes,allowlist_default,
20x/A2FD_1_20x_0050377_0077075,A2FD_1,20x,pos,2,223ae5438cb1eb3c,1380136,yes,allowlist_default,
20x/A2FD_1_20x_0050984_0050349,A2FD_1,20x,pos,2,cb1b695e1d1476c4,1459767,yes,allowlist_default,
20x/A2FD_1_20x_0051333_0076822,A2FD_1,20x,pos,3,473d9ea7415cb756,1294229,yes,allowlist_default,
20x/A2FD_1_20x_0051520_0051217,A2FD_1,20x,pos,2,07d7ddf91fa779de,1379283,yes,allowlist_default,
20x/A2FD_1_20x_0052065_0045064,A2FD_1,20x,pos,2,252b80d912a83246,1664543,yes,allowlist_default,
20x/A2FD_1_20x_0052229_0076742,A2FD_1,20x,pos,3,bc69ec64446469ad,1370835,yes,allowlist_default,
20x/A2FD_1_20x_0052532_0044555,A2FD_1,20x,pos,3,65579bf2cb7eefc7,1722176,yes,allowlist_default,
20x/A2FD_1_20x_0052596_0076918,A2FD_1,20x,pos,2,f8a59cc843d8e825,1571358,yes,allowlist_default,
20x/A2FD_1_20x_0053411_0045374,A2FD_1,20x,pos,2,dce37c5921e3ab08,1624956,yes,allowlist_default,
20x/A2FD_1_20x_0054847_0083370,A2FD_1,20x,pos,1,f01ffde90d0e804d,1510070,yes,allowlist_default,
20x/A2FD_1_20x_0058719_0071030,A2FD_1,20x,pos,2,e781627743048be6,1550101,yes,allowlist_default,
20x/A2FD_1_20x_0059224_0059822,A2FD_1,20x,pos,1,c3ad4ff61e1b9595,1688031,yes,allowlist_default,
20x/A2FD_1_20x_0060160_0051974,A2FD_1,20x,pos,1,64fdb94401752dc2,1294173,yes,allowlist_default,
20x/A2FD_1_20x_0067484_0065818,A2FD_1,20x,pos,1,5557ff39e3c8ef5a,1523879,yes,allowlist_default,
20x/A2FD_1_20x_0067946_0067424,A2FD_1,20x,pos,2,b2b354b4208fbd8a,1607253,yes,allowlist_default,
20x/A2FD_1_20x_0068655_0067447,A2FD_1,20x,pos,3,f15728ff6d085fca,1470967,yes,allowlist_default,
20x/A2FD_1_20x_0069166_0067679,A2FD_1,20x,pos,3,c770e28da03a9739,1495275,yes,allowlist_default,
20x/A2FD_1_20x_0070899_0068787,A2FD_1,20x,pos,1,090fa3cb4c341c4b,1437489,yes,allowlist_default,
20x/A2FD_1_20x_0073001_0070355,A2FD_1,20x,pos,3,9196e37c556d453b,1369295,yes,allowlist_default,
20x/A2FD_1_20x_0073380_0070723,A2FD_1,20x,pos,3,9f937a6353ee99c7,1438719,yes,allowlist_default,
20x/A2FD_1_20x_0075948_0072011,A2FD_1,20x,pos,1,e1329d0f07fe1b4b,1437309,yes,allowlist_default,
20x/A2FD_1_20x_0078404_0062403,A2FD_1,20x,pos,1,ea80081aee70b7f5,1663385,yes,allowlist_default,
20x/A2FD_1_20x_0079226_0060132,A2FD_1,20x,neg,0,e3b0c44298fc1c14,1737347,yes,allowlist_default,
20x/A2FD_1_20x_0124772_0069297,A2FD_1,20x,pos,1,65b6f3cb5690d262,1403882,yes,allowlist_default,
20x/A2FD_1_20x_0127262_0070453,A2FD_1,20x,pos,1,f2ed8725a07e6763,1321501,yes,allowlist_default,
20x/A2FD_1_20x_0136434_0066167,A2FD_1,20x,pos,1,422ad3d8baf5362c,1374305,yes,allowlist_default,
20x/A2FD_1_20x_0142085_0030972,A2FD_1,20x,pos,3,6542cd6eecf14150,1587310,yes,allowlist_default,
20x/A2FD_1_20x_0146053_0035538,A2FD_1,20x,pos,1,50984e84716d8aa3,1374665,yes,allowlist_default,
20x/A2FD_1_20x_0146535_0066593,A2FD_1,20x,pos,1,174ff88e91b5adad,1477606,yes,allowlist_default,
20x/A2FD_1_20x_0149158_0065852,A2FD_1,20x,pos,1,3ab685e72ece44bd,1346695,yes,allowlist_default,
20x/A2FD_1_20x_0159635_0015910,A2FD_1,20x,pos,1,e3cb070c5e294f40,1292039,yes,allowlist_default,
20x/A2FD_1_S.2058_26_20x_0024447_0021251,A2FD_1_S.2058_26,20x,pos,1,62193ef7c756d5c5,1130276,unknown,allowlist_default,
20x/A2FD_1_S.2058_26_20x_0031203_0065703,A2FD_1_S.2058_26,20x,pos,3,33adbd80ce7c79b3,1239901,unknown,allowlist_default,
20x/A2FD_1_S.2058_26_20x_0031335_0065653,A2FD_1_S.2058_26,20x,pos,3,4617fbe0ab420d95,1239924,unknown,allowlist_default,
20x/A2FD_1_S.2058_26_20x_0031530_0010696,A2FD_1_S.2058_26,20x,pos,2,f95e3a360fb31afa,1112768,unknown,allowlist_default,
20x/A2FD_1_S.2058_26_20x_0031942_0066202,A2FD_1_S.2058_26,20x,pos,2,5d58045862611fac,1332486,unknown,allowlist_default,
20x/A2FD_1_S.2058_26_20x_0032442_0010969,A2FD_1_S.2058_26,20x,pos,2,bdc941aa2c166a00,1097805,unknown,allowlist_default,
20x/A2FD_1_S.2058_26_20x_0033468_0006373,A2FD_1_S.2058_26,20x,pos,1,f1213a827d7c8e44,994404,unknown,allowlist_default,
20x/A2FD_1_S.2058_26_20x_0038076_0019855,A2FD_1_S.2058_26,20x,pos,4,8551702e7f9f7b67,1296304,unknown,allowlist_default,
20x/A2FD_1_S.2058_26_20x_0038294_0067258,A2FD_1_S.2058_26,20x,pos,1,f2c2ea61c921ce60,1309300,unknown,allowlist_default,
20x/A2FD_1_S.2058_26_20x_0040957_0018567,A2FD_1_S.2058_26,20x,pos,4,7397d630147bbeb7,1154212,unknown,allowlist_default,
20x/A2FD_1_S.2058_26_20x_0042009_0065536,A2FD_1_S.2058_26,20x,pos,2,07e824a5f4323171,1389235,unknown,allowlist_default,
20x/A2FD_1_S.2058_26_20x_0042203_0064575,A2FD_1_S.2058_26,20x,pos,2,7b57ab12954fdd0d,1364095,unknown,allowlist_default,
20x/A2FD_1_S.2058_26_20x_0042999_0015290,A2FD_1_S.2058_26,20x,pos,2,5ee292896eef64b5,1015668,unknown,allowlist_default,
20x/A2FD_1_S.2058_26_20x_0043709_0015919,A2FD_1_S.2058_26,20x,pos,2,44c33e4d05237c80,995596,unknown,allowlist_default,
20x/A2FD_1_S.2058_26_20x_0044035_0065436,A2FD_1_S.2058_26,20x,pos,1,66c3718f8a32d18d,1386680,unknown,allowlist_default,
20x/A2FD_1_S.2058_26_20x_0045454_0068186,A2FD_1_S.2058_26,20x,neg,0,e3b0c44298fc1c14,1559749,unknown,allowlist_default,
20x/A2FD_1_S.2058_26_20x_0045833_0016555,A2FD_1_S.2058_26,20x,pos,3,b9d3c8ad62d7a250,1027815,unknown,allowlist_default,
20x/A2FD_1_S.2058_26_20x_0046350_0066394,A2FD_1_S.2058_26,20x,neg,0,e3b0c44298fc1c14,1600100,unknown,allowlist_default,
20x/A2FD_1_S.2058_26_20x_0047642_0020879,A2FD_1_S.2058_26,20x,pos,2,40fd5b0e90c779db,1135186,unknown,allowlist_default,
20x/A2FD_1_S.2058_26_20x_0048443_0021322,A2FD_1_S.2058_26,20x,pos,2,8731a4a15782646e,1110430,unknown,allowlist_default,
20x/A2FD_1_S.2058_26_20x_0055109_0014451,A2FD_1_S.2058_26,20x,pos,1,89c1abd1f68f7542,1058514,unknown,allowlist_default,
20x/A2FD_1_S.2058_26_20x_0061658_0036997,A2FD_1_S.2058_26,20x,pos,1,e96a68f5ae61f65e,1489989,unknown,allowlist_default,
20x/A2FD_1_S.2058_26_20x_0064895_0031744,A2FD_1_S.2058_26,20x,pos,1,3d46dfdba69895dd,1348889,unknown,allowlist_default,
20x/A2FD_1_S.2058_26_20x_0065130_0035397,A2FD_1_S.2058_26,20x,pos,2,1942fbf38fec44db,1464278,unknown,allowlist_default,
20x/A2FD_1_S.2058_26_20x_0068107_0046076,A2FD_1_S.2058_26,20x,neg,0,e3b0c44298fc1c14,1867427,unknown,allowlist_default,
20x/A2FD_1_S.2058_26_20x_0068375_0040739,A2FD_1_S.2058_26,20x,pos,1,810e81b8e0aaa0ed,1608981,unknown,allowlist_default,
20x/A2FD_1_S.2058_26_20x_0069490_0052154,A2FD_1_S.2058_26,20x,neg,0,e3b0c44298fc1c14,1549823,unknown,allowlist_default,
20x/A2FD_1_S.2058_26_20x_0130230_0025814,A2FD_1_S.2058_26,20x,pos,3,e2f2ef90d54c7a46,1201149,unknown,allowlist_default,
20x/A2FD_1_S.2058_26_20x_0132007_0013517,A2FD_1_S.2058_26,20x,pos,1,9981bdfabffee577,993899,unknown,allowlist_default,
20x/A2FD_1_S.2058_26_20x_0134911_0017077,A2FD_1_S.2058_26,20x,pos,2,6fb1764ae8dfd9ad,1073629,unknown,allowlist_default,
20x/A2FD_1_S.2058_26_20x_0135294_0017114,A2FD_1_S.2058_26,20x,pos,1,31088503ba6cf432,1176871,unknown,allowlist_default,
20x/A2FD_1_S.2058_26_20x_0135595_0012351,A2FD_1_S.2058_26,20x,pos,1,f47dcfb895f6e4b8,975889,unknown,allowlist_default,
20x/A2FD_1_S.2058_26_20x_0136988_0070260,A2FD_1_S.2058_26,20x,pos,1,ce7f30d6df454265,1302864,unknown,allowlist_default,
20x/A2FD_1_S.2058_26_20x_0137880_0071558,A2FD_1_S.2058_26,20x,pos,3,b01683545c742081,1286459,unknown,allowlist_default,
20x/A2FD_1_S.2058_26_20x_0138545_0071948,A2FD_1_S.2058_26,20x,pos,2,aa8d3a9ee63bf5ce,1249705,unknown,allowlist_default,
20x/A2FD_1_S.2058_26_20x_0139330_0019956,A2FD_1_S.2058_26,20x,pos,1,e6305af6abeea12d,1257596,unknown,allowlist_default,
20x/A2FD_1_S.2058_26_20x_0141110_0025420,A2FD_1_S.2058_26,20x,pos,4,00393aaa3323560e,1417308,unknown,allowlist_default,
20x/A2FD_1_S.2058_26_20x_0141576_0024822,A2FD_1_S.2058_26,20x,pos,5,cee0256e78c5a807,1400237,unknown,allowlist_default,
20x/A2FD_1_S.2058_26_20x_0141788_0024510,A2FD_1_S.2058_26,20x,pos,5,7e389cc21a706dd5,1379884,unknown,allowlist_default,
20x/A2FD_1_S.2058_26_20x_0142252_0024417,A2FD_1_S.2058_26,20x,pos,3,fa801dfc27c0d534,1336852,unknown,allowlist_default,
20x/A2FD_1_S.2058_26_20x_0142295_0081823,A2FD_1_S.2058_26,20x,neg,0,e3b0c44298fc1c14,789937,unknown,allowlist_default,
20x/A2FD_1_S.2058_26_20x_0144969_0072669,A2FD_1_S.2058_26,20x,pos,1,4dc19230b11560df,1227488,unknown,allowlist_default,
20x/A2FD_1_S.2058_26_20x_0145644_0020540,A2FD_1_S.2058_26,20x,pos,2,e89e839fef6f1f5f,1109359,unknown,allowlist_default,
20x/A2FD_1_S.2058_26_20x_0148202_0023697,A2FD_1_S.2058_26,20x,pos,1,a0884548e19fe9d2,1237407,unknown,allowlist_default,
20x/A2FD_1_S.2058_26_20x_0148522_0070794,A2FD_1_S.2058_26,20x,pos,1,8ac0e33401a9fde9,1398759,unknown,allowlist_default,
20x/A2FD_1_S.2058_26_20x_0148584_0070648,A2FD_1_S.2058_26,20x,pos,2,781bc4fe29cbe9d2,1402966,unknown,allowlist_default,
20x/A2FD_1_S.2058_26_20x_0150636_0025704,A2FD_1_S.2058_26,20x,pos,3,ded36507564602df,1230864,unknown,allowlist_default,
20x/A2FD_1_S.2058_26_20x_0151458_0026134,A2FD_1_S.2058_26,20x,pos,3,a60026da4c2e230d,1212865,unknown,allowlist_default,
20x/A2FD_1_S.2058_26_20x_0151535_0025818,A2FD_1_S.2058_26,20x,pos,3,84ddb5b3e136eff0,1177601,unknown,allowlist_default,
20x/A2FD_1_S.2058_26_20x_0163359_0070795,A2FD_1_S.2058_26,20x,neg,0,e3b0c44298fc1c14,1323000,unknown,allowlist_default,
20x/A2FD_1_S.2058_26_20x_0164645_0035639,A2FD_1_S.2058_26,20x,pos,1,28e066d47b3f680d,1566041,unknown,allowlist_default,
20x/A2FD_1_S.2058_26_20x_0165766_0040732,A2FD_1_S.2058_26,20x,pos,1,14f766aec37229a6,1779532,unknown,allowlist_default,
20x/A2FD_1_S.2058_26_20x_0165841_0067865,A2FD_1_S.2058_26,20x,pos,1,c5304d49eb33e6d6,1313390,unknown,allowlist_default,
20x/A2FD_1_S.2058_26_20x_0166981_0034188,A2FD_1_S.2058_26,20x,pos,2,ae98007afac77bb1,1523846,unknown,allowlist_default,
20x/A2FD_1_S.2058_26_20x_0167025_0058001,A2FD_1_S.2058_26,20x,pos,1,762d18cf0e62d6cb,1343836,unknown,allowlist_default,
20x/A2FD_1_S.2058_26_20x_0168628_0035272,A2FD_1_S.2058_26,20x,pos,1,af21bc558bed3e49,1595554,unknown,allowlist_default,
20x/A2FD_1_S.2058_26_20x_0168913_0038723,A2FD_1_S.2058_26,20x,pos,1,9fec9a5cadee9b37,1569605,unknown,allowlist_default,
20x/A2FD_1_S.2058_26_20x_0171229_0046022,A2FD_1_S.2058_26,20x,neg,0,e3b0c44298fc1c14,1573997,unknown,allowlist_default,
20x/A2FD_1_S.2058_26_20x_0172761_0044048,A2FD_1_S.2058_26,20x,pos,1,42b0a85fb43bb14a,1820374,unknown,allowlist_default,
20x/A2FD_1_S.2058_26_20x_0172942_0049363,A2FD_1_S.2058_26,20x,neg,0,e3b0c44298fc1c14,1833525,unknown,allowlist_default,
20x/A3_FD_1_20x_0012164_0057702,A3_FD_1,20x,pos,1,d9dede33704e8948,1674327,unknown,allowlist_default,
20x/A3_FD_1_20x_0017305_0054722,A3_FD_1,20x,pos,1,66afe81d70bae058,1517231,unknown,allowlist_default,
20x/A3_FD_1_20x_0020328_0040409,A3_FD_1,20x,pos,1,82e6046169e75786,1786444,unknown,allowlist_default,
20x/A3_FD_1_20x_0025719_0023500,A3_FD_1,20x,pos,1,59bbcd111dcaad5d,1565026,unknown,allowlist_default,
20x/A3_FD_1_20x_0031587_0037802,A3_FD_1,20x,pos,2,78204088bf27c28e,1605694,unknown,allowlist_default,
20x/A3_FD_1_20x_0032425_0038819,A3_FD_1,20x,pos,3,1b301cd5a1941db8,1720925,unknown,allowlist_default,
20x/A3_FD_1_20x_0032793_0021177,A3_FD_1,20x,pos,1,c060b1a8736a8c4a,1681155,unknown,allowlist_default,
20x/A3_FD_1_20x_0033932_0019276,A3_FD_1,20x,pos,1,60ac897469ce3d21,1813810,unknown,allowlist_default,
20x/A3_FD_1_20x_0036367_0043516,A3_FD_1,20x,pos,1,deb7f8e5a01053d6,1602237,unknown,allowlist_default,
20x/A3_FD_1_20x_0037269_0038266,A3_FD_1,20x,pos,3,f4ea8e84750dd92b,1922554,unknown,allowlist_default,
20x/A3_FD_1_20x_0037444_0046422,A3_FD_1,20x,pos,3,3715386a23ffd120,1757519,unknown,allowlist_default,
20x/A3_FD_1_20x_0037725_0047725,A3_FD_1,20x,pos,2,9322bcd5648cf91c,1686465,unknown,allowlist_default,
20x/A3_FD_1_20x_0038130_0045746,A3_FD_1,20x,pos,3,4c4c315d9722f935,1706822,unknown,allowlist_default,
20x/A3_FD_1_20x_0038206_0039890,A3_FD_1,20x,pos,1,2de92c9677681b8c,1889900,unknown,allowlist_default,
20x/A3_FD_1_20x_0038209_0018063,A3_FD_1,20x,pos,1,382403320b1f932f,1658213,unknown,allowlist_default,
20x/A3_FD_1_20x_0038892_0048688,A3_FD_1,20x,pos,4,aeb158e119c50d3c,1822555,unknown,allowlist_default,
20x/A3_FD_1_20x_0039059_0046000,A3_FD_1,20x,pos,2,8c3300ab17cf35ea,1684731,unknown,allowlist_default,
20x/A3_FD_1_20x_0039596_0049101,A3_FD_1,20x,pos,3,fe856bba72edf43e,1591672,unknown,allowlist_default,
20x/A3_FD_1_20x_0039613_0047553,A3_FD_1,20x,pos,3,1b01b7752ab55531,1690175,unknown,allowlist_default,
20x/A3_FD_1_20x_0039992_0048057,A3_FD_1,20x,pos,4,ebadd1988eb176eb,1767187,unknown,allowlist_default,
20x/A3_FD_1_20x_0040819_0038924,A3_FD_1,20x,pos,2,16235b912f17761b,1831587,unknown,allowlist_default,
20x/A3_FD_1_20x_0040906_0038064,A3_FD_1,20x,pos,3,cc0d4b5822d039d7,1814052,unknown,allowlist_default,
20x/A3_FD_1_20x_0041469_0047736,A3_FD_1,20x,pos,1,1a824df347287896,1646219,unknown,allowlist_default,
20x/A3_FD_1_20x_0041977_0015700,A3_FD_1,20x,pos,3,47c063ce85c5b7ec,1801213,unknown,allowlist_default,
20x/A3_FD_1_20x_0042109_0037342,A3_FD_1,20x,pos,1,6c5faa26bb373950,1557941,unknown,allowlist_default,
20x/A3_FD_1_20x_0042117_0025508,A3_FD_1,20x,pos,1,3da3000c3ac34685,1645344,unknown,allowlist_default,
20x/A3_FD_1_20x_0042732_0015688,A3_FD_1,20x,pos,3,7cd722529414d876,1653918,unknown,allowlist_default,
20x/A3_FD_1_20x_0043174_0015090,A3_FD_1,20x,pos,2,ea82e6138818a6c8,1668385,unknown,allowlist_default,
20x/A3_FD_1_20x_0044735_0032201,A3_FD_1,20x,pos,1,e534b2f74e3b9067,1564498,unknown,allowlist_default,
20x/A3_FD_1_20x_0045781_0018177,A3_FD_1,20x,pos,1,5c6798d81e48f2a9,1553414,unknown,allowlist_default,
20x/A3_FD_1_20x_0050897_0035902,A3_FD_1,20x,pos,1,46621d1f40ff5d1a,1688193,unknown,allowlist_default,
20x/A3_FD_1_20x_0051429_0013601,A3_FD_1,20x,pos,1,8580bf8bf22e855b,1697115,unknown,allowlist_default,
20x/A3_FD_1_20x_0052537_0037700,A3_FD_1,20x,pos,1,d4ae00089b898754,1694947,unknown,allowlist_default,
20x/A3_FD_1_20x_0052555_0030103,A3_FD_1,20x,pos,1,4eeaea5365c5d3b0,1631720,unknown,allowlist_default,
20x/A3_FD_1_20x_0054093_0036633,A3_FD_1,20x,pos,1,eeb60a1928a50e90,1607374,unknown,allowlist_default,
20x/A3_FD_1_20x_0056526_0035560,A3_FD_1,20x,pos,1,c08541553686b050,1749852,unknown,allowlist_default,
20x/A3_FD_1_20x_0057449_0022095,A3_FD_1,20x,pos,1,abec0dec73a03fe9,1666969,unknown,allowlist_default,
20x/A3_FD_1_20x_0058151_0033749,A3_FD_1,20x,pos,1,b4c0497360aee928,1525315,unknown,allowlist_default,
20x/A3_FD_1_20x_0058771_0032513,A3_FD_1,20x,pos,3,49e23b968ce52bee,1525418,unknown,allowlist_default,
20x/A3_FD_1_20x_0059337_0032628,A3_FD_1,20x,pos,3,6b2599f1c8464520,1648069,unknown,allowlist_default,
20x/A3_FD_1_20x_0059400_0027719,A3_FD_1,20x,pos,1,46521eb81ac5f326,1747239,unknown,allowlist_default,
20x/A3_FD_1_20x_0059460_0028938,A3_FD_1,20x,pos,2,85d9e4f048e10dc9,1806581,unknown,allowlist_default,
20x/A3_FD_1_20x_0059625_0030988,A3_FD_1,20x,pos,3,eee090ce169cc189,1684737,unknown,allowlist_default,
20x/A3_FD_1_20x_0059638_0029793,A3_FD_1,20x,pos,3,614b9e38e5698828,1728724,unknown,allowlist_default,
20x/A3_FD_1_20x_0059762_0031914,A3_FD_1,20x,pos,4,5c9d61d7cce41ee2,1724355,unknown,allowlist_default,
20x/A3_FD_1_20x_0111309_0056097,A3_FD_1,20x,pos,1,4cf3a1b28546f1d1,1495209,unknown,allowlist_default,
20x/A3_FD_1_20x_0116106_0052838,A3_FD_1,20x,pos,1,4c0b6af370844d59,1446744,unknown,allowlist_default,
20x/A3_FD_1_20x_0133381_0034313,A3_FD_1,20x,pos,2,a7528d98f3f23773,1771369,unknown,allowlist_default,
20x/A3_FD_1_20x_0133981_0040256,A3_FD_1,20x,pos,1,4857f42d0101c5ac,1531985,unknown,allowlist_default,
20x/A3_FD_1_20x_0134492_0034989,A3_FD_1,20x,pos,2,3d546a5032f3cf37,1950571,unknown,allowlist_default,
20x/A3_FD_1_20x_0135245_0043023,A3_FD_1,20x,pos,3,0dce8136e6e7ebea,1582297,unknown,allowlist_default,
20x/A3_FD_1_20x_0135516_0036452,A3_FD_1,20x,pos,2,12ce57f14f06a272,1870101,unknown,allowlist_default,
20x/A3_FD_1_20x_0135656_0044321,A3_FD_1,20x,pos,2,fd3d9fd2637057e0,1709289,unknown,allowlist_default,
20x/A3_FD_1_20x_0135883_0042321,A3_FD_1,20x,pos,3,587a4c251fe1b8ab,1559700,unknown,allowlist_default,
20x/A3_FD_1_20x_0136787_0045132,A3_FD_1,20x,pos,3,b2cdaa670f4ce1af,1710631,unknown,allowlist_default,
20x/A3_FD_1_20x_0136817_0042489,A3_FD_1,20x,pos,2,a3c1191a01ff9728,1588824,unknown,allowlist_default,
20x/A3_FD_1_20x_0137440_0043909,A3_FD_1,20x,pos,3,8271a4338237c0e8,1724725,unknown,allowlist_default,
20x/A3_FD_1_20x_0137583_0045438,A3_FD_1,20x,pos,3,7507125a92a08e9d,1542959,unknown,allowlist_default,
20x/A3_FD_1_20x_0137877_0044383,A3_FD_1,20x,pos,5,00c2c9fc38495148,1656743,unknown,allowlist_default,
20x/A3_FD_1_20x_0139339_0043933,A3_FD_1,20x,pos,1,b4e07f4e2388baa3,1566521,unknown,allowlist_default,
20x/BFD_1_20x_0041698_0039504,BFD_1,20x,pos,1,3993d381a729c6fa,1802729,yes,allowlist_default,
20x/BFD_1_20x_0041828_0040910,BFD_1,20x,pos,2,fef4ac461361bed5,1621194,yes,allowlist_default,
20x/BFD_1_20x_0042220_0041236,BFD_1,20x,pos,4,b2bd98fcf7984e12,1668208,yes,allowlist_default,
20x/BFD_1_20x_0043154_0041073,BFD_1,20x,pos,3,84be69b9c2f68a08,1755312,yes,allowlist_default,
20x/BFD_1_20x_0043367_0040448,BFD_1,20x,pos,3,6de6235e8e7df4ab,1789953,yes,allowlist_default,
20x/BFD_1_20x_0048533_0029228,BFD_1,20x,pos,3,dbfa804206f38268,1516991,yes,allowlist_default,
20x/BFD_1_20x_0049268_0042623,BFD_1,20x,pos,4,9b098237ad783143,1516843,yes,allowlist_default,
20x/BFD_1_20x_0049493_0041776,BFD_1,20x,pos,4,13083597ebacb9f3,1446835,yes,allowlist_default,
20x/BFD_1_20x_0050058_0032344,BFD_1,20x,pos,1,c18176603a94abaf,1744595,yes,allowlist_default,
20x/BFD_1_20x_0050131_0041936,BFD_1,20x,pos,4,e6f008b0b0ca0b23,1438929,yes,allowlist_default,
20x/BFD_1_20x_0050332_0021105,BFD_1,20x,pos,3,bab56b0428e2ed5a,1616414,yes,allowlist_default,
20x/BFD_1_20x_0050391_0034334,BFD_1,20x,pos,1,027b3dad12e03169,1633541,yes,allowlist_default,
20x/BFD_1_20x_0050860_0028108,BFD_1,20x,pos,1,da1a5c155a6de74e,1656640,yes,allowlist_default,
20x/BFD_1_20x_0051042_0044368,BFD_1,20x,pos,1,03a588e9ddd79a1d,1543797,yes,allowlist_default,
20x/BFD_1_20x_0051666_0024701,BFD_1,20x,pos,3,155471107581dd6a,1487314,yes,allowlist_default,
20x/BFD_1_20x_0051736_0022526,BFD_1,20x,pos,1,2fa46a650a4712e0,1710072,yes,allowlist_default,
20x/BFD_1_20x_0051956_0040126,BFD_1,20x,pos,2,36735acf3a4ddc0f,1234843,yes,allowlist_default,
20x/BFD_1_20x_0052444_0039547,BFD_1,20x,pos,4,8ce7128c845eb061,1488829,yes,allowlist_default,
20x/BFD_1_20x_0052508_0024443,BFD_1,20x,pos,3,bed7984d2e35099a,1672522,yes,allowlist_default,
20x/BFD_1_20x_0052523_0025562,BFD_1,20x,pos,5,3a58d664e05c7265,1649844,yes,allowlist_default,
20x/BFD_1_20x_0052852_0041621,BFD_1,20x,pos,2,66a5c526788db713,1387072,yes,allowlist_default,
20x/BFD_1_20x_0052863_0025961,BFD_1,20x,pos,3,d47d2613be2a7a65,1618221,yes,allowlist_default,
20x/BFD_1_20x_0053006_0042656,BFD_1,20x,pos,3,92d71334b546facd,1399478,yes,allowlist_default,
20x/BFD_1_20x_0053191_0024959,BFD_1,20x,pos,4,198e9e1f16ed537c,1621011,yes,allowlist_default,
20x/BFD_1_20x_0053246_0027471,BFD_1,20x,pos,2,bf3f9e4c087cec3b,1603895,yes,allowlist_default,
20x/BFD_1_20x_0053374_0036903,BFD_1,20x,pos,2,04f5b5af2b5c9bf8,1554581,yes,allowlist_default,
20x/BFD_1_20x_0053574_0043455,BFD_1,20x,pos,3,ac82245c468318a1,1349332,yes,allowlist_default,
20x/BFD_1_20x_0053645_0030178,BFD_1,20x,pos,1,72a7ea9efc41c844,1236878,yes,allowlist_default,
20x/BFD_1_20x_0053783_0038640,BFD_1,20x,pos,1,9090599304698ed4,1672418,yes,allowlist_default,
20x/BFD_1_20x_0053876_0037359,BFD_1,20x,pos,2,d0d62734d4223741,1645536,yes,allowlist_default,
20x/BFD_1_20x_0054012_0043927,BFD_1,20x,pos,3,31dbee5c4872aa8e,1310588,yes,allowlist_default,
20x/BFD_1_20x_0054219_0035313,BFD_1,20x,pos,2,0e092b6f3a0ded29,1543421,yes,allowlist_default,
20x/BFD_1_20x_0054530_0027213,BFD_1,20x,pos,1,9c26d6c75d7d8a3c,1769659,yes,allowlist_default,
20x/BFD_1_20x_0054559_0039985,BFD_1,20x,pos,2,a68df03994eae309,1426660,yes,allowlist_default,
20x/BFD_1_20x_0054727_0043639,BFD_1,20x,pos,2,66adef4eb6cc1255,1463922,yes,allowlist_default,
20x/BFD_1_20x_0054816_0034333,BFD_1,20x,pos,3,9783c995a0b1b0c1,1619419,yes,allowlist_default,
20x/BFD_1_20x_0054972_0042118,BFD_1,20x,pos,2,4562865d738cee99,1784103,yes,allowlist_default,
20x/BFD_1_20x_0055015_0021825,BFD_1,20x,pos,1,04a3c6e565d49466,1621062,yes,allowlist_default,
20x/BFD_1_20x_0055414_0041236,BFD_1,20x,pos,4,bd9744e967d13104,1570400,yes,allowlist_default,
20x/BFD_1_20x_0055535_0036720,BFD_1,20x,pos,2,d03341fd0591cbcb,1685538,yes,allowlist_default,
20x/BFD_1_20x_0055544_0034213,BFD_1,20x,pos,3,ebb3a630fbe106d9,1635906,yes,allowlist_default,
20x/BFD_1_20x_0055761_0035684,BFD_1,20x,pos,3,258b995155906935,1775302,yes,allowlist_default,
20x/BFD_1_20x_0055837_0040904,BFD_1,20x,pos,5,f3c523651b27fbda,1464912,yes,allowlist_default,
20x/BFD_1_20x_0056025_0044589,BFD_1,20x,pos,4,98b26993944ec760,1294978,yes,allowlist_default,
20x/BFD_1_20x_0056226_0044175,BFD_1,20x,pos,3,c28d0e70a0034b5f,1423145,yes,allowlist_default,
20x/BFD_1_20x_0056278_0039510,BFD_1,20x,pos,4,c0f29cccbd80d24a,1391576,yes,allowlist_default,
20x/BFD_1_20x_0056345_0035268,BFD_1,20x,pos,3,c3fa53ce33410b53,1624691,yes,allowlist_default,
20x/BFD_1_20x_0056472_0044371,BFD_1,20x,pos,3,bc497e3b033e253b,1443296,yes,allowlist_default,
20x/BFD_1_20x_0056501_0046135,BFD_1,20x,pos,3,87cc4d3ad03a4325,1391082,yes,allowlist_default,
20x/BFD_1_20x_0056623_0040609,BFD_1,20x,pos,5,157882810423d0db,1443458,yes,allowlist_default,
20x/BFD_1_20x_0056695_0045608,BFD_1,20x,pos,4,7c392ec92d279d86,1435156,yes,allowlist_default,
20x/BFD_1_20x_0056781_0040443,BFD_1,20x,pos,5,757ac0b3c2da3ff5,1449039,yes,allowlist_default,
20x/BFD_1_20x_0056797_0039040,BFD_1,20x,pos,3,52ab8bf23127c59b,1506306,yes,allowlist_default,
20x/BFD_1_20x_0057543_0040067,BFD_1,20x,pos,4,c6375ad37d4819e7,1600542,yes,allowlist_default,
20x/BFD_1_20x_0057655_0036414,BFD_1,20x,pos,2,0e0faee3497a6777,1589981,yes,allowlist_default,
20x/BFD_1_20x_0057656_0036151,BFD_1,20x,pos,2,ac5f68955aa072e2,1622808,yes,allowlist_default,
20x/BFD_1_20x_0057912_0034534,BFD_1,20x,pos,1,f499c5bdf0ba390b,1728150,yes,allowlist_default,
20x/BFD_1_20x_0058815_0049518,BFD_1,20x,pos,2,f013714d99b479c0,1470081,yes,allowlist_default,
20x/BFD_1_20x_0058975_0046211,BFD_1,20x,pos,1,efcc497b424323c2,1607199,yes,allowlist_default,
20x/BFD_1_20x_0059139_0049079,BFD_1,20x,pos,2,3721984a78438734,1543417,yes,allowlist_default,
20x/S.2016_26_A2_FD_1_20x_0014211_0048519,S.2016_26_A2_FD_1,20x,pos,2,1b0f5ce131bf4e90,1679077,yes,allowlist_default,
20x/S.2016_26_A2_FD_1_20x_0014699_0049420,S.2016_26_A2_FD_1,20x,pos,2,17776b9bb30e3547,1765180,yes,allowlist_default,
20x/S.2016_26_A2_FD_1_20x_0024290_0042175,S.2016_26_A2_FD_1,20x,pos,1,d623806d343c97a7,1828023,yes,allowlist_default,
20x/S.2016_26_A2_FD_1_20x_0026067_0029511,S.2016_26_A2_FD_1,20x,pos,1,63095483bc356071,1669622,yes,allowlist_default,
20x/S.2016_26_A2_FD_1_20x_0028911_0040025,S.2016_26_A2_FD_1,20x,pos,1,b87d2fd59fcdb831,1794380,yes,allowlist_default,
20x/S.2016_26_A2_FD_1_20x_0031342_0027859,S.2016_26_A2_FD_1,20x,pos,1,63dbafa8c82e0dfa,1752552,yes,allowlist_default,
20x/S.2016_26_A2_FD_1_20x_0031616_0034974,S.2016_26_A2_FD_1,20x,pos,1,59b96634f995a9ea,1892180,yes,allowlist_default,
20x/S.2016_26_A2_FD_1_20x_0033838_0034962,S.2016_26_A2_FD_1,20x,pos,1,8f496546b7b56c6e,1945553,yes,allowlist_default,
20x/S.2016_26_A2_FD_1_20x_0035672_0034357,S.2016_26_A2_FD_1,20x,pos,1,db3a1a762402255c,1839375,yes,allowlist_default,
20x/S.2016_26_A2_FD_1_20x_0036101_0025260,S.2016_26_A2_FD_1,20x,pos,1,6a9806b1981ed60a,1657119,yes,allowlist_default,
20x/S.2016_26_A2_FD_1_20x_0036273_0063000,S.2016_26_A2_FD_1,20x,pos,1,117c09c06bfba825,1876133,yes,allowlist_default,
20x/S.2016_26_A2_FD_1_20x_0037954_0026165,S.2016_26_A2_FD_1,20x,pos,3,31d29c20683fb208,1531336,yes,allowlist_default,
20x/S.2016_26_A2_FD_1_20x_0038027_0025953,S.2016_26_A2_FD_1,20x,pos,3,925855b6ff7bba62,1531735,yes,allowlist_default,
20x/S.2016_26_A2_FD_1_20x_0038792_0026032,S.2016_26_A2_FD_1,20x,pos,3,2388e5e75d914975,1652956,yes,allowlist_default,
20x/S.2016_26_A2_FD_1_20x_0040541_0026341,S.2016_26_A2_FD_1,20x,pos,1,b5dde77b09539556,1612982,yes,allowlist_default,
20x/S.2016_26_A2_FD_1_20x_0042342_0056086,S.2016_26_A2_FD_1,20x,pos,2,fe5b7c965cf22976,1788266,yes,allowlist_default,
20x/S.2016_26_A2_FD_1_20x_0043410_0056227,S.2016_26_A2_FD_1,20x,pos,3,720f338bda811ddf,1891422,yes,allowlist_default,
20x/S.2016_26_A2_FD_1_20x_0043732_0055618,S.2016_26_A2_FD_1,20x,pos,2,a5838db36e3f800d,1901853,yes,allowlist_default,
20x/S.2016_26_A2_FD_1_20x_0050239_0036989,S.2016_26_A2_FD_1,20x,pos,1,2f69c70d61a37171,1611581,yes,allowlist_default,
20x/S.2016_26_A2_FD_1_20x_0055935_0030828,S.2016_26_A2_FD_1,20x,pos,1,09d6ec794e24e271,1700659,yes,allowlist_default,
20x/S.2016_26_A2_FD_1_20x_0060730_0038338,S.2016_26_A2_FD_1,20x,pos,1,26a5d00cb37ec570,1731099,yes,allowlist_default,
20x/S.2016_26_A2_FD_1_20x_0119924_0057281,S.2016_26_A2_FD_1,20x,pos,1,dbff4c15cd32e50a,1613254,yes,allowlist_default,
20x/S.2016_26_A2_FD_1_20x_0120646_0053397,S.2016_26_A2_FD_1,20x,pos,2,67d4e9d344c9fb62,1704769,yes,allowlist_default,
20x/S.2016_26_A2_FD_1_20x_0120850_0058680,S.2016_26_A2_FD_1,20x,pos,1,6f403f3f76192c3f,1681119,yes,allowlist_default,
20x/S.2016_26_A2_FD_1_20x_0121087_0054342,S.2016_26_A2_FD_1,20x,pos,2,21c05b6f6f478a24,1684190,yes,allowlist_default,
20x/S.2016_26_A2_FD_1_20x_0135729_0045482,S.2016_26_A2_FD_1,20x,pos,1,65746936de22fa8c,1789326,yes,allowlist_default,
20x/S.2016_26_A2_FD_1_20x_0138664_0040532,S.2016_26_A2_FD_1,20x,pos,1,508c3b3b85bb09fe,1861028,yes,allowlist_default,
20x/S.2016_26_A2_FD_1_20x_0142106_0068909,S.2016_26_A2_FD_1,20x,pos,1,6a09b720e604f669,1827827,yes,allowlist_default,
20x/S.2016_26_A2_FD_1_20x_0142780_0040077,S.2016_26_A2_FD_1,20x,pos,1,76051efd5d97ff2d,1804505,yes,allowlist_default,
20x/S.2016_26_A2_FD_1_20x_0143680_0030933,S.2016_26_A2_FD_1,20x,pos,1,4042e3a510d3cf0f,1647216,yes,allowlist_default,
20x/S.2016_26_A2_FD_1_20x_0145434_0031940,S.2016_26_A2_FD_1,20x,pos,4,f5cb089d4a9d9ddd,1553361,yes,allowlist_default,
20x/S.2016_26_A2_FD_1_20x_0145530_0031713,S.2016_26_A2_FD_1,20x,pos,4,5ea5fe4d0070044c,1592878,yes,allowlist_default,
20x/S.2016_26_A2_FD_1_20x_0146334_0031825,S.2016_26_A2_FD_1,20x,pos,5,9b6ab5d0ec13cf62,1601430,yes,allowlist_default,
20x/S.2016_26_A2_FD_1_20x_0146396_0031394,S.2016_26_A2_FD_1,20x,pos,5,2c7ca8b560582f67,1704327,yes,allowlist_default,
20x/S.2016_26_A2_FD_1_20x_0148000_0032151,S.2016_26_A2_FD_1,20x,pos,2,f7375d4edc1a5774,1685291,yes,allowlist_default,
20x/S.2016_26_A2_FD_1_20x_0148528_0062217,S.2016_26_A2_FD_1,20x,pos,1,71b338adf6e56f4e,1728527,yes,allowlist_default,
20x/S.2016_26_A2_FD_1_20x_0149599_0062412,S.2016_26_A2_FD_1,20x,pos,3,8a414fb97ec096ce,1846848,yes,allowlist_default,
20x/S.2016_26_A2_FD_1_20x_0149912_0061724,S.2016_26_A2_FD_1,20x,pos,2,6310ebecc5b1367e,1856959,yes,allowlist_default,
20x/S.2016_26_A2_FD_1_20x_0152088_0059991,S.2016_26_A2_FD_1,20x,pos,1,ef9f129d77a13e8b,1558567,yes,allowlist_default,
20x/S.2016_26_A2_FD_1_20x_0157182_0043288,S.2016_26_A2_FD_1,20x,pos,1,cfb132fe471ac653,1745102,yes,allowlist_default,
20x/S.2016_26_A2_FD_1_20x_0163133_0037299,S.2016_26_A2_FD_1,20x,pos,1,af0f0af271f7c9fd,1691254,yes,allowlist_default,
20x/S.2016_26_A3_FD_1_20x_0010561_0044891,S.2016_26_A3_FD_1,20x,pos,8,5ce4b542ecfd344f,1187294,unknown,allowlist_default,
20x/S.2016_26_A3_FD_1_20x_0013292_0036927,S.2016_26_A3_FD_1,20x,pos,1,249bd628ae161dcf,1279049,unknown,allowlist_default,
20x/S.2016_26_A3_FD_1_20x_0013510_0038565,S.2016_26_A3_FD_1,20x,pos,2,300d8ba37c01a629,1335524,unknown,allowlist_default,
20x/S.2016_26_A3_FD_1_20x_0016015_0045340,S.2016_26_A3_FD_1,20x,pos,4,de93f053921392a4,1379261,unknown,allowlist_default,
20x/S.2016_26_A3_FD_1_20x_0024236_0071856,S.2016_26_A3_FD_1,20x,pos,2,dbe25580f6fbe1be,1724391,unknown,allowlist_default,
20x/S.2016_26_A3_FD_1_20x_0056189_0008309,S.2016_26_A3_FD_1,20x,pos,1,331d825d2ec7db3d,1335064,unknown,allowlist_default,
20x/S.2016_26_A3_FD_1_20x_0064535_0076277,S.2016_26_A3_FD_1,20x,pos,1,5a275b5e69c8b3bc,1501546,unknown,allowlist_default,
20x/S.2016_26_A3_FD_1_20x_0069856_0039376,S.2016_26_A3_FD_1,20x,pos,1,731cb7b5a6b6b33e,1739628,unknown,allowlist_default,
20x/S.2016_26_A3_FD_1_20x_0070183_0074543,S.2016_26_A3_FD_1,20x,neg,0,e3b0c44298fc1c14,1355958,unknown,allowlist_default,
20x/S.2016_26_A3_FD_1_20x_0111234_0059816,S.2016_26_A3_FD_1,20x,pos,2,b49e0499cb33fdca,1792742,unknown,allowlist_default,
20x/S.2016_26_A3_FD_1_20x_0111684_0049917,S.2016_26_A3_FD_1,20x,pos,7,845a9b63a36f2693,1734353,unknown,allowlist_default,
20x/S.2016_26_A3_FD_1_20x_0112444_0050150,S.2016_26_A3_FD_1,20x,pos,6,555146dff869bf41,1741218,unknown,allowlist_default,
20x/S.2016_26_A3_FD_1_20x_0112759_0050986,S.2016_26_A3_FD_1,20x,pos,6,cea7ed9ce5083824,1664153,unknown,allowlist_default,
20x/S.2016_26_A3_FD_1_20x_0112882_0050132,S.2016_26_A3_FD_1,20x,pos,9,9c317ee9a8a687de,1713206,unknown,allowlist_default,
20x/S.2016_26_A3_FD_1_20x_0113537_0050333,S.2016_26_A3_FD_1,20x,pos,8,a987bbe901385fdf,1553065,unknown,allowlist_default,
20x/S.2016_26_A3_FD_1_20x_0114998_0048577,S.2016_26_A3_FD_1,20x,pos,3,a543241e0cf7754f,1596596,unknown,allowlist_default,
20x/S.2016_26_A3_FD_1_20x_0116036_0042333,S.2016_26_A3_FD_1,20x,pos,1,d118b3b4c1623a13,1672702,unknown,allowlist_default,
20x/S.2016_26_A3_FD_1_20x_0116316_0043931,S.2016_26_A3_FD_1,20x,pos,2,7a44780a9db5e52d,1742056,unknown,allowlist_default,
20x/S.2016_26_A3_FD_1_20x_0116654_0061985,S.2016_26_A3_FD_1,20x,pos,2,75bcd58be669b39f,1688431,unknown,allowlist_default,
20x/S.2016_26_A3_FD_1_20x_0119188_0050631,S.2016_26_A3_FD_1,20x,pos,4,a32c3772b9f9d12b,1685049,unknown,allowlist_default,
20x/S.2016_26_A3_FD_1_20x_0120359_0046315,S.2016_26_A3_FD_1,20x,pos,2,cbe06041321e045b,1711526,unknown,allowlist_default,
20x/S.2016_26_A3_FD_1_20x_0121852_0065879,S.2016_26_A3_FD_1,20x,pos,3,8279a21aa75a5bcb,1718128,unknown,allowlist_default,
20x/S.2016_26_A3_FD_1_20x_0159348_0013007,S.2016_26_A3_FD_1,20x,pos,1,0f5527feffb2b340,1481155,unknown,allowlist_default,
20x/S.2016_26_A3_FD_1_20x_0173204_0043877,S.2016_26_A3_FD_1,20x,pos,1,708dff6a2c0eab20,1680300,unknown,allowlist_default,
20x/S.2723_26_A2_FD_1_20x_0017502_0064734,S.2723_26_A2_FD_1,20x,pos,1,c0a88730e4504f17,1773723,unknown,allowlist_default,
20x/S.2723_26_A2_FD_1_20x_0018474_0034915,S.2723_26_A2_FD_1,20x,pos,1,4684412c4375097e,1583867,unknown,allowlist_default,
20x/S.2723_26_A2_FD_1_20x_0022821_0029783,S.2723_26_A2_FD_1,20x,pos,1,92fca19e460fcf7e,1518583,unknown,allowlist_default,
20x/S.2723_26_A2_FD_1_20x_0024331_0055570,S.2723_26_A2_FD_1,20x,pos,1,92a49082d1ddb413,1650506,unknown,allowlist_default,
20x/S.2723_26_A2_FD_1_20x_0024865_0078637,S.2723_26_A2_FD_1,20x,pos,1,a3039e3e3aec0856,1514937,unknown,allowlist_default,
20x/S.2723_26_A2_FD_1_20x_0025344_0028474,S.2723_26_A2_FD_1,20x,pos,2,07762ebba9d04ac4,1684201,unknown,allowlist_default,
20x/S.2723_26_A2_FD_1_20x_0025417_0021358,S.2723_26_A2_FD_1,20x,pos,1,ea65cb9e0b7f078c,1811143,unknown,allowlist_default,
20x/S.2723_26_A2_FD_1_20x_0025664_0027039,S.2723_26_A2_FD_1,20x,pos,1,df49641754879cc1,1834024,unknown,allowlist_default,
20x/S.2723_26_A2_FD_1_20x_0025961_0027851,S.2723_26_A2_FD_1,20x,pos,3,723c350b8f05ca8b,1660317,unknown,allowlist_default,
20x/S.2723_26_A2_FD_1_20x_0028205_0025311,S.2723_26_A2_FD_1,20x,pos,1,7d5fe4befaca45ae,1536513,unknown,allowlist_default,
20x/S.2723_26_A2_FD_1_20x_0029573_0023343,S.2723_26_A2_FD_1,20x,pos,2,c8722d37ffe40161,1531752,unknown,allowlist_default,
20x/S.2723_26_A2_FD_1_20x_0029870_0023264,S.2723_26_A2_FD_1,20x,pos,2,c49f0e4878966af7,1612268,unknown,allowlist_default,
20x/S.2723_26_A2_FD_1_20x_0031560_0016915,S.2723_26_A2_FD_1,20x,pos,1,f55ce544b67d066e,1750766,unknown,allowlist_default,
20x/S.2723_26_A2_FD_1_20x_0032032_0023214,S.2723_26_A2_FD_1,20x,pos,1,f29fedbb0a580235,1416628,unknown,allowlist_default,
20x/S.2723_26_A2_FD_1_20x_0032039_0088401,S.2723_26_A2_FD_1,20x,pos,1,d2671a49d7cfb0ed,1435631,unknown,allowlist_default,
20x/S.2723_26_A2_FD_1_20x_0032421_0057711,S.2723_26_A2_FD_1,20x,pos,1,378d34214ff96409,1508219,unknown,allowlist_default,
20x/S.2723_26_A2_FD_1_20x_0034681_0014980,S.2723_26_A2_FD_1,20x,pos,2,d93ab3f4ff479da0,1668691,unknown,allowlist_default,
20x/S.2723_26_A2_FD_1_20x_0035022_0023464,S.2723_26_A2_FD_1,20x,pos,1,64b9fa8cad2f72a1,1620325,unknown,allowlist_default,
20x/S.2723_26_A2_FD_1_20x_0035076_0013699,S.2723_26_A2_FD_1,20x,neg,0,e3b0c44298fc1c14,1691099,unknown,allowlist_default,
20x/S.2723_26_A2_FD_1_20x_0036256_0059102,S.2723_26_A2_FD_1,20x,pos,1,9315e8188c463288,1350350,unknown,allowlist_default,
20x/S.2723_26_A2_FD_1_20x_0045031_0060900,S.2723_26_A2_FD_1,20x,pos,2,9cc9d404e76b798b,1510124,unknown,allowlist_default,
20x/S.2723_26_A2_FD_1_20x_0046768_0093521,S.2723_26_A2_FD_1,20x,pos,1,55f55e15552c9b67,1372511,unknown,allowlist_default,
20x/S.2723_26_A2_FD_1_20x_0047854_0061921,S.2723_26_A2_FD_1,20x,pos,1,0abf5b7d7b4b5d5a,1509081,unknown,allowlist_default,
20x/S.2723_26_A2_FD_1_20x_0056473_0052057,S.2723_26_A2_FD_1,20x,pos,1,3440e97f97ed6f19,1427789,unknown,allowlist_default,
20x/S.2723_26_A2_FD_1_20x_0058048_0035185,S.2723_26_A2_FD_1,20x,neg,0,e3b0c44298fc1c14,1518990,unknown,allowlist_default,
20x/S.2723_26_A2_FD_1_20x_0058646_0057429,S.2723_26_A2_FD_1,20x,pos,1,cff521235d90b5b5,1569944,unknown,allowlist_default,
20x/S.2723_26_A2_FD_1_20x_0069377_0056099,S.2723_26_A2_FD_1,20x,pos,1,7350866898a17d99,1471411,unknown,allowlist_default,
20x/S.2723_26_A2_FD_1_20x_0070008_0053315,S.2723_26_A2_FD_1,20x,pos,1,e3af95666a61e2fe,1462540,unknown,allowlist_default,
20x/S.2723_26_A2_FD_1_20x_0075055_0043174,S.2723_26_A2_FD_1,20x,pos,1,a1f625271887a9ec,1676170,unknown,allowlist_default,
20x/S.2723_26_A2_FD_1_20x_0116557_0057186,S.2723_26_A2_FD_1,20x,pos,1,1f1f7c3c5cd4be5c,1728683,unknown,allowlist_default,
20x/S.2723_26_A2_FD_1_20x_0123281_0071376,S.2723_26_A2_FD_1,20x,pos,1,f8ffad3dab469889,1603783,unknown,allowlist_default,
20x/S.2723_26_A2_FD_1_20x_0123799_0048453,S.2723_26_A2_FD_1,20x,pos,1,43da997b643ac6d5,1664639,unknown,allowlist_default,
20x/S.2723_26_A2_FD_1_20x_0126376_0020186,S.2723_26_A2_FD_1,20x,pos,2,8cf81575a3b7fcd0,1650167,unknown,allowlist_default,
20x/S.2723_26_A2_FD_1_20x_0126385_0014529,S.2723_26_A2_FD_1,20x,pos,3,c51ea7c77ab6d721,1647242,unknown,allowlist_default,
20x/S.2723_26_A2_FD_1_20x_0128998_0018600,S.2723_26_A2_FD_1,20x,pos,1,267fa5cb6756f65d,1497741,unknown,allowlist_default,
20x/S.2723_26_A2_FD_1_20x_0130000_0081507,S.2723_26_A2_FD_1,20x,pos,1,101574cf7567b8a8,1464127,unknown,allowlist_default,
20x/S.2723_26_A2_FD_1_20x_0131799_0050994,S.2723_26_A2_FD_1,20x,pos,1,c8fdf87dc9479d7a,1735475,unknown,allowlist_default,
20x/S.2723_26_A2_FD_1_20x_0132902_0010363,S.2723_26_A2_FD_1,20x,pos,1,48d5eec40774ad8d,1656938,unknown,allowlist_default,
20x/S.2723_26_A2_FD_1_20x_0133319_0006148,S.2723_26_A2_FD_1,20x,pos,1,a266c536a39960a5,1607125,unknown,allowlist_default,
20x/S.2723_26_A2_FD_1_20x_0135522_0052574,S.2723_26_A2_FD_1,20x,pos,1,67185f9d303d2a47,1489551,unknown,allowlist_default,
20x/S.2723_26_A2_FD_1_20x_0136031_0008689,S.2723_26_A2_FD_1,20x,pos,1,86726f3add43f59f,1583538,unknown,allowlist_default,
20x/S.2723_26_A2_FD_1_20x_0144258_0054834,S.2723_26_A2_FD_1,20x,pos,1,6175c037fe85c941,1780507,unknown,allowlist_default,
20x/S.2723_26_A2_FD_1_20x_0144422_0087383,S.2723_26_A2_FD_1,20x,pos,1,04d2011ad0072fc2,1536717,unknown,allowlist_default,
20x/S.2723_26_A2_FD_1_20x_0147044_0055964,S.2723_26_A2_FD_1,20x,pos,1,f92b6c4ca38354b8,1848789,unknown,allowlist_default,
20x/S.2723_26_A2_FD_1_20x_0150275_0053069,S.2723_26_A2_FD_1,20x,neg,0,e3b0c44298fc1c14,1538267,unknown,allowlist_default,
20x/S.2723_26_A2_FD_1_20x_0155904_0052938,S.2723_26_A2_FD_1,20x,pos,1,9d595b6c6b1a03c0,1818359,unknown,allowlist_default,
20x/S.2723_26_A2_FD_1_20x_0158049_0052128,S.2723_26_A2_FD_1,20x,pos,1,ef8d82eaa8a4730e,1766061,unknown,allowlist_default,
20x/S.2723_26_A2_FD_1_20x_0158191_0045944,S.2723_26_A2_FD_1,20x,pos,1,cccfd6d79ac9f628,1716873,unknown,allowlist_default,
20x/S.2723_26_A2_FD_1_20x_0165267_0034949,S.2723_26_A2_FD_1,20x,pos,1,ecda47a35dc451ce,1606721,unknown,allowlist_default,
20x/S.2723_26_A2_FD_1_20x_0168931_0051338,S.2723_26_A2_FD_1,20x,pos,1,07ef073c29b8183b,1750646,unknown,allowlist_default,
20x/S.2723_26_A2_FD_1_20x_0175321_0038822,S.2723_26_A2_FD_1,20x,pos,1,a2e926f7d7bae92b,1781301,unknown,allowlist_default,
20x/S.2723_26_A2_FD_1_20x_0175615_0030740,S.2723_26_A2_FD_1,20x,pos,2,4ddea59328e49ac3,1760969,unknown,allowlist_default,
20x/S.2723_26_CFD_1_20x_0008965_0041111,S.2723_26_CFD_1,20x,pos,3,5640ff60bd45317c,1751367,yes,allowlist_default,
20x/S.2723_26_CFD_1_20x_0010060_0024558,S.2723_26_CFD_1,20x,pos,1,9394ae21e3762ad4,1728269,yes,allowlist_default,
20x/S.2723_26_CFD_1_20x_0010839_0042608,S.2723_26_CFD_1,20x,pos,9,105b7ff0886753ef,1736434,yes,allowlist_default,
20x/S.2723_26_CFD_1_20x_0011058_0042455,S.2723_26_CFD_1,20x,pos,10,f415443a3994221c,1718131,yes,allowlist_default,
20x/S.2723_26_CFD_1_20x_0011722_0006591,S.2723_26_CFD_1,20x,pos,1,d7bb20b6ce7ec50d,1451829,yes,allowlist_default,
20x/S.2723_26_CFD_1_20x_0012686_0039779,S.2723_26_CFD_1,20x,pos,6,f5e97efae93c74d4,1763486,yes,allowlist_default,
20x/S.2723_26_CFD_1_20x_0016613_0025052,S.2723_26_CFD_1,20x,pos,14,e7e23283afb1456e,1762678,yes,allowlist_default,
20x/S.2723_26_CFD_1_20x_0026412_0035027,S.2723_26_CFD_1,20x,pos,5,2dcccdfb751e3864,1607372,yes,allowlist_default,
20x/S.2723_26_CFD_1_20x_0030219_0037034,S.2723_26_CFD_1,20x,pos,5,899fb709845d0f85,1327017,yes,allowlist_default,
20x/S.2_723_26_A3_FD_1_20x_0009245_0065051,S.2_723_26_A3_FD_1,20x,pos,1,65188c43fecd8568,1168463,yes,allowlist_default,
20x/S.2_723_26_A3_FD_1_20x_0009326_0062180,S.2_723_26_A3_FD_1,20x,pos,1,c6a877b66825e9ad,1218901,yes,allowlist_default,
20x/S.2_723_26_A3_FD_1_20x_0013317_0062701,S.2_723_26_A3_FD_1,20x,pos,1,250f92f511444603,1355662,yes,allowlist_default,
20x/S.2_723_26_A3_FD_1_20x_0020477_0047892,S.2_723_26_A3_FD_1,20x,pos,1,0409d239f7db1dd4,1495863,yes,allowlist_default,
20x/S.2_723_26_A3_FD_1_20x_0021378_0045745,S.2_723_26_A3_FD_1,20x,pos,1,a87b406076aacd56,1575768,yes,allowlist_default,
20x/S.2_723_26_A3_FD_1_20x_0022846_0039435,S.2_723_26_A3_FD_1,20x,pos,1,f349ddcd7f4d6f73,1703609,yes,allowlist_default,
20x/S.2_723_26_A3_FD_1_20x_0023934_0041021,S.2_723_26_A3_FD_1,20x,pos,4,92ed087639903e74,1752379,yes,allowlist_default,
20x/S.2_723_26_A3_FD_1_20x_0024358_0041767,S.2_723_26_A3_FD_1,20x,pos,4,f539a775e6d40d69,1724758,yes,allowlist_default,
20x/S.2_723_26_A3_FD_1_20x_0024409_0037690,S.2_723_26_A3_FD_1,20x,pos,1,3c26457a8f77e598,1800160,yes,allowlist_default,
20x/S.2_723_26_A3_FD_1_20x_0024713_0041097,S.2_723_26_A3_FD_1,20x,pos,4,cb7f90d5655bedda,1617975,yes,allowlist_default,
20x/S.2_723_26_A3_FD_1_20x_0025179_0035937,S.2_723_26_A3_FD_1,20x,pos,1,3473e437ee2b71b0,1531880,yes,allowlist_default,
20x/S.2_723_26_A3_FD_1_20x_0025185_0041617,S.2_723_26_A3_FD_1,20x,pos,4,a8f74fe2c693ea26,1621120,yes,allowlist_default,
20x/S.2_723_26_A3_FD_1_20x_0025587_0042860,S.2_723_26_A3_FD_1,20x,pos,3,cfe65a340693cb0e,1657310,yes,allowlist_default,
20x/S.2_723_26_A3_FD_1_20x_0026192_0042470,S.2_723_26_A3_FD_1,20x,pos,4,eba23194b0b3fb25,1740825,yes,allowlist_default,
20x/S.2_723_26_A3_FD_1_20x_0026358_0034572,S.2_723_26_A3_FD_1,20x,pos,3,66d4a476b76d23dc,1586074,yes,allowlist_default,
20x/S.2_723_26_A3_FD_1_20x_0026474_0043255,S.2_723_26_A3_FD_1,20x,pos,3,776ac0d6e7970f90,1688635,yes,allowlist_default,
20x/S.2_723_26_A3_FD_1_20x_0026855_0034864,S.2_723_26_A3_FD_1,20x,pos,2,9c6383a56aa6071c,1531745,yes,allowlist_default,
20x/S.2_723_26_A3_FD_1_20x_0029109_0054069,S.2_723_26_A3_FD_1,20x,pos,2,397ab926fcd2d9d1,1520197,yes,allowlist_default,
20x/S.2_723_26_A3_FD_1_20x_0029403_0054001,S.2_723_26_A3_FD_1,20x,pos,2,794008c3793c4631,1537994,yes,allowlist_default,
20x/S.2_723_26_A3_FD_1_20x_0030750_0035660,S.2_723_26_A3_FD_1,20x,pos,2,f000cfd5cdb5caef,1739184,yes,allowlist_default,
20x/S.2_723_26_A3_FD_1_20x_0030880_0034732,S.2_723_26_A3_FD_1,20x,pos,2,54ea8029355eaa74,1570111,yes,allowlist_default,
20x/S.2_723_26_A3_FD_1_20x_0035454_0056991,S.2_723_26_A3_FD_1,20x,pos,1,d00cb1dd659fd00e,1607008,yes,allowlist_default,
20x/S.2_723_26_A3_FD_1_20x_0038569_0059344,S.2_723_26_A3_FD_1,20x,pos,1,6bf6f55453e12bd7,1319515,yes,allowlist_default,
20x/S.2_723_26_A3_FD_1_20x_0042125_0063791,S.2_723_26_A3_FD_1,20x,pos,1,c26a251c5cf3d374,1510138,yes,allowlist_default,
20x/S.2_723_26_A3_FD_1_20x_0043344_0063303,S.2_723_26_A3_FD_1,20x,pos,2,e27c3178fca70f68,1516425,yes,allowlist_default,
20x/S.2_723_26_A3_FD_1_20x_0044074_0063650,S.2_723_26_A3_FD_1,20x,pos,3,92cf2a5f288fe5eb,1595927,yes,allowlist_default,
20x/S.2_723_26_A3_FD_1_20x_0044599_0064213,S.2_723_26_A3_FD_1,20x,pos,2,9f60959bb300a68e,1556527,yes,allowlist_default,
20x/S.2_723_26_A3_FD_1_20x_0046520_0066256,S.2_723_26_A3_FD_1,20x,pos,1,0476d62c620f4bb3,1774136,yes,allowlist_default,
20x/S.2_723_26_A3_FD_1_20x_0047335_0063902,S.2_723_26_A3_FD_1,20x,pos,1,a5f9f181e742c0e1,1762960,yes,allowlist_default,
20x/S.2_723_26_A3_FD_1_20x_0048502_0059344,S.2_723_26_A3_FD_1,20x,pos,1,ac12b93ade8ae9fb,1615158,yes,allowlist_default,
20x/S.2_723_26_A3_FD_1_20x_0049684_0059194,S.2_723_26_A3_FD_1,20x,pos,1,19cdae81b67fe8aa,1576305,yes,allowlist_default,
20x/S.2_723_26_A3_FD_1_20x_0050099_0063401,S.2_723_26_A3_FD_1,20x,pos,1,86f96136229a3340,1418124,yes,allowlist_default,
20x/S.2_723_26_A3_FD_1_20x_0051304_0063204,S.2_723_26_A3_FD_1,20x,pos,2,ac982c58f7b6ad86,1466969,yes,allowlist_default,
20x/S.2_723_26_A3_FD_1_20x_0057090_0058367,S.2_723_26_A3_FD_1,20x,pos,2,2c2f0141ce92867f,1705045,yes,allowlist_default,
20x/S.2_723_26_A3_FD_1_20x_0058010_0058672,S.2_723_26_A3_FD_1,20x,pos,2,bcd42d56dadfeab1,1765715,yes,allowlist_default,
20x/S.2_723_26_A3_FD_1_20x_0058671_0071651,S.2_723_26_A3_FD_1,20x,pos,2,93c4e34e6168ac1e,1676020,yes,allowlist_default,
20x/S.2_723_26_A3_FD_1_20x_0058674_0072271,S.2_723_26_A3_FD_1,20x,pos,2,7a3ca953bd484b96,1751460,yes,allowlist_default,
20x/S.2_723_26_A3_FD_1_20x_0059099_0059040,S.2_723_26_A3_FD_1,20x,pos,2,ecf95ee7835f5b9f,1741993,yes,allowlist_default,
20x/S.2_723_26_A3_FD_1_20x_0061345_0056455,S.2_723_26_A3_FD_1,20x,pos,6,3dfff6cb35fbf23b,1338294,yes,allowlist_default,
20x/S.2_723_26_A3_FD_1_20x_0061482_0056223,S.2_723_26_A3_FD_1,20x,pos,7,b44595e8e3849dff,1490662,yes,allowlist_default,
20x/S.2_723_26_A3_FD_1_20x_0061707_0055289,S.2_723_26_A3_FD_1,20x,pos,6,8d44095ebfefeb5f,1693212,yes,allowlist_default,
20x/S.2_723_26_A3_FD_1_20x_0061881_0054775,S.2_723_26_A3_FD_1,20x,pos,5,fd21df41e01668db,1739742,yes,allowlist_default,
20x/S.2_723_26_A3_FD_1_20x_0061921_0056646,S.2_723_26_A3_FD_1,20x,pos,9,71f911a7b5f76914,1600945,yes,allowlist_default,
20x/S.2_723_26_A3_FD_1_20x_0061955_0054646,S.2_723_26_A3_FD_1,20x,pos,5,00f1c2244570c226,1768071,yes,allowlist_default,
20x/S.2_723_26_A3_FD_1_20x_0062398_0056208,S.2_723_26_A3_FD_1,20x,pos,14,3cc6fb39ed443e88,1801339,yes,allowlist_default,
20x/S.2_723_26_A3_FD_1_20x_0062425_0056805,S.2_723_26_A3_FD_1,20x,pos,12,0e547e5ef8cda231,1669184,yes,allowlist_default,
20x/S.2_723_26_A3_FD_1_20x_0062623_0056414,S.2_723_26_A3_FD_1,20x,pos,11,aaefc74b4a47a5bb,1721326,yes,allowlist_default,
20x/S.2_723_26_A3_FD_1_20x_0062792_0055896,S.2_723_26_A3_FD_1,20x,pos,11,231d28272192ebf3,1745736,yes,allowlist_default,
20x/S.2_723_26_A3_FD_1_20x_0062856_0059036,S.2_723_26_A3_FD_1,20x,pos,2,68afa7c57b418d04,1796586,yes,allowlist_default,
20x/S.2_723_26_A3_FD_1_20x_0063032_0056578,S.2_723_26_A3_FD_1,20x,pos,10,d9e65a52b1c4d206,1828099,yes,allowlist_default,
20x/S.2_723_26_A3_FD_1_20x_0063141_0056253,S.2_723_26_A3_FD_1,20x,pos,11,ff50c8712b8fce34,1679201,yes,allowlist_default,
20x/S.2_723_26_A3_FD_1_20x_0063238_0058066,S.2_723_26_A3_FD_1,20x,pos,4,328ed19592f2de92,1811184,yes,allowlist_default,
20x/S.2_723_26_A3_FD_1_20x_0063260_0057139,S.2_723_26_A3_FD_1,20x,pos,9,fc6bbacab81cbe2d,1822728,yes,allowlist_default,
20x/S.2_723_26_A3_FD_1_20x_0063664_0057428,S.2_723_26_A3_FD_1,20x,pos,6,63f9034728ecd404,1833524,yes,allowlist_default,
20x/S.2_723_26_A3_FD_1_20x_0066063_0067981,S.2_723_26_A3_FD_1,20x,pos,1,20a4c7071f238c32,1563558,yes,allowlist_default,
20x/S.2_723_26_A3_FD_1_20x_0068268_0062208,S.2_723_26_A3_FD_1,20x,pos,1,8f1d58fb0c889ee3,1607674,yes,allowlist_default,
20x/S.2_723_26_A3_FD_1_20x_0069032_0060811,S.2_723_26_A3_FD_1,20x,pos,1,3ed600c71234cf49,1245043,yes,allowlist_default,
20x/S.2_723_26_A3_FD_1_20x_0069541_0062024,S.2_723_26_A3_FD_1,20x,pos,2,cf53084ad148bf3c,1553554,yes,allowlist_default,
20x/S.2_723_26_A3_FD_1_20x_0070639_0061317,S.2_723_26_A3_FD_1,20x,pos,2,ec9a65c23792bb9f,1606655,yes,allowlist_default,
20x/S.2_723_26_A3_FD_1_20x_0076824_0058483,S.2_723_26_A3_FD_1,20x,pos,1,c71714c162cefb4d,1475486,yes,allowlist_default,
20x/S.3152_26_A3FD_1_20x_0016767_0038570,S.3152_26_A3FD_1,20x,pos,1,9cbb54843d29112b,1620321,unknown,allowlist_default,
20x/S.3152_26_A3FD_1_20x_0018956_0050074,S.3152_26_A3FD_1,20x,pos,3,cb255597e27f1c92,1854104,unknown,allowlist_default,
20x/S.3152_26_A3FD_1_20x_0020330_0044043,S.3152_26_A3FD_1,20x,pos,2,58b44bf8a6a19640,1706262,unknown,allowlist_default,
20x/S.3152_26_A3FD_1_20x_0020780_0043810,S.3152_26_A3FD_1,20x,pos,2,5e19fa6585b7cf91,1718622,unknown,allowlist_default,
20x/S.3152_26_A3FD_1_20x_0021357_0022569,S.3152_26_A3FD_1,20x,pos,1,40a9094b6fe0b9cf,1752590,unknown,allowlist_default,
20x/S.3152_26_A3FD_1_20x_0027349_0033249,S.3152_26_A3FD_1,20x,pos,1,0ceac7104acb78ee,1482573,unknown,allowlist_default,
20x/S.3152_26_A3FD_1_20x_0028619_0048614,S.3152_26_A3FD_1,20x,pos,1,cb5f7b75a4bb2b36,1731003,unknown,allowlist_default,
20x/S.3152_26_A3FD_1_20x_0028722_0014413,S.3152_26_A3FD_1,20x,pos,1,73a9cac33a1b0a6f,1822909,unknown,allowlist_default,
20x/S.3152_26_A3FD_1_20x_0028965_0019326,S.3152_26_A3FD_1,20x,neg,0,e3b0c44298fc1c14,1163555,unknown,allowlist_default,
20x/S.3152_26_A3FD_1_20x_0030211_0047182,S.3152_26_A3FD_1,20x,pos,1,156ecc391a0ec727,1735145,unknown,allowlist_default,
20x/S.3152_26_A3FD_1_20x_0031221_0041001,S.3152_26_A3FD_1,20x,pos,2,e0ff7c5c74993d78,1700686,unknown,allowlist_default,
20x/S.3152_26_A3FD_1_20x_0033163_0041781,S.3152_26_A3FD_1,20x,pos,1,dbf2ad592c9b3695,1702713,unknown,allowlist_default,
20x/S.3152_26_A3FD_1_20x_0034983_0023685,S.3152_26_A3FD_1,20x,pos,1,9c9ef3f8fb0a9b3a,1595541,unknown,allowlist_default,
20x/S.3152_26_A3FD_1_20x_0035027_0042171,S.3152_26_A3FD_1,20x,pos,3,2293f5a3a72b2b7a,1707657,unknown,allowlist_default,
20x/S.3152_26_A3FD_1_20x_0036962_0018003,S.3152_26_A3FD_1,20x,pos,2,c43ac04a598d57dd,1695611,unknown,allowlist_default,
20x/S.3152_26_A3FD_1_20x_0037059_0045380,S.3152_26_A3FD_1,20x,pos,2,2628c94fda490e51,1452519,unknown,allowlist_default,
20x/S.3152_26_A3FD_1_20x_0038016_0053644,S.3152_26_A3FD_1,20x,pos,2,8ada1eea032625e5,1811961,unknown,allowlist_default,
20x/S.3152_26_A3FD_1_20x_0038060_0045026,S.3152_26_A3FD_1,20x,pos,4,25cab98ff2f81d15,1344908,unknown,allowlist_default,
20x/S.3152_26_A3FD_1_20x_0039106_0045157,S.3152_26_A3FD_1,20x,pos,2,39e0c1cb6bd1a768,1355495,unknown,allowlist_default,
20x/S.3152_26_A3FD_1_20x_0039915_0011608,S.3152_26_A3FD_1,20x,pos,2,9e2cb15de5debde5,1723018,unknown,allowlist_default,
20x/S.3152_26_A3FD_1_20x_0041462_0034732,S.3152_26_A3FD_1,20x,pos,1,44154b85fa1cadc9,1550780,unknown,allowlist_default,
20x/S.3152_26_A3FD_1_20x_0044882_0045941,S.3152_26_A3FD_1,20x,pos,2,5e6bdec3cf992932,1739621,unknown,allowlist_default,
20x/S.3152_26_A3FD_1_20x_0044916_0018866,S.3152_26_A3FD_1,20x,pos,1,fd86e9f82ba818c6,1522747,unknown,allowlist_default,
20x/S.3152_26_A3FD_1_20x_0045267_0019849,S.3152_26_A3FD_1,20x,neg,0,e3b0c44298fc1c14,1750453,unknown,allowlist_default,
20x/S.3152_26_A3FD_1_20x_0045915_0027840,S.3152_26_A3FD_1,20x,neg,0,e3b0c44298fc1c14,1091554,unknown,allowlist_default,
20x/S.3152_26_A3FD_1_20x_0047593_0014095,S.3152_26_A3FD_1,20x,pos,1,2a8e79ae58a66346,1646523,unknown,allowlist_default,
20x/S.3152_26_A3FD_1_20x_0047679_0043345,S.3152_26_A3FD_1,20x,pos,1,990adc69d65658fc,1335078,unknown,allowlist_default,
20x/S.3152_26_A3FD_1_20x_0047725_0022476,S.3152_26_A3FD_1,20x,neg,0,e3b0c44298fc1c14,1423268,unknown,allowlist_default,
20x/S.3152_26_A3FD_1_20x_0049992_0040342,S.3152_26_A3FD_1,20x,pos,2,1232398556d280c5,1704411,unknown,allowlist_default,
20x/S.3152_26_A3FD_1_20x_0050507_0029667,S.3152_26_A3FD_1,20x,pos,1,fd43fc067f27a2e4,1569727,unknown,allowlist_default,
20x/S.3152_26_A3FD_1_20x_0051478_0022714,S.3152_26_A3FD_1,20x,pos,3,7ab13694495db1a6,1558307,unknown,allowlist_default,
20x/S.3152_26_A3FD_1_20x_0051563_0024462,S.3152_26_A3FD_1,20x,pos,1,c96e631162132dd1,1551908,unknown,allowlist_default,
20x/S.3152_26_A3FD_1_20x_0053530_0020849,S.3152_26_A3FD_1,20x,pos,1,a67d8b5664084ff2,1365969,unknown,allowlist_default,
20x/S.3152_26_A3FD_1_20x_0122686_0037929,S.3152_26_A3FD_1,20x,pos,2,ffd3d15366536982,1655690,unknown,allowlist_default,
20x/S.3152_26_A3FD_1_20x_0124350_0048726,S.3152_26_A3FD_1,20x,pos,1,9698dcd2bb97d1d9,1705067,unknown,allowlist_default,
20x/S.3152_26_A3FD_1_20x_0131435_0045670,S.3152_26_A3FD_1,20x,pos,4,5c51d8e24ea2e750,1693442,unknown,allowlist_default,
20x/S.3152_26_A3FD_1_20x_0132265_0045566,S.3152_26_A3FD_1,20x,pos,4,2879f5d5cef8a0c6,1668036,unknown,allowlist_default,
20x/S.3152_26_A3FD_1_20x_0134480_0048169,S.3152_26_A3FD_1,20x,pos,1,b82886129614f1e7,1764779,unknown,allowlist_default,
20x/S.3152_26_A3FD_1_20x_0136554_0018732,S.3152_26_A3FD_1,20x,pos,2,12857131a3e93a22,1646816,unknown,allowlist_default,
20x/S.3152_26_A3FD_1_20x_0141099_0041827,S.3152_26_A3FD_1,20x,pos,3,da04933ce82ef745,1715749,unknown,allowlist_default,
20x/S.3152_26_A3FD_1_20x_0141438_0013343,S.3152_26_A3FD_1,20x,pos,2,aae89422db838841,1590437,unknown,allowlist_default,
20x/S.3152_26_A3FD_1_20x_0141641_0041379,S.3152_26_A3FD_1,20x,pos,2,a3edfaf3b6b7d127,1590820,unknown,allowlist_default,
20x/S.3152_26_A3FD_1_20x_0143041_0045100,S.3152_26_A3FD_1,20x,pos,2,ae3903ee6e757be4,1452267,unknown,allowlist_default,
20x/S.3152_26_A3FD_1_20x_0143924_0053448,S.3152_26_A3FD_1,20x,pos,1,3635fb3c8ac1f387,1783240,unknown,allowlist_default,
20x/S.3152_26_A3FD_1_20x_0144052_0044779,S.3152_26_A3FD_1,20x,pos,4,08d66d6edc17d372,1332169,unknown,allowlist_default,
20x/S.3152_26_A3FD_1_20x_0145147_0044928,S.3152_26_A3FD_1,20x,pos,3,c3ddccb80c516bc1,1340426,unknown,allowlist_default,
20x/S.3152_26_A3FD_1_20x_0146872_0011350,S.3152_26_A3FD_1,20x,pos,1,30cfe9170974f463,1812818,unknown,allowlist_default,
20x/S.3152_26_A3FD_1_20x_0147703_0032411,S.3152_26_A3FD_1,20x,pos,1,5c8a60e3c08cfb76,1566213,unknown,allowlist_default,
20x/S.3152_26_A3FD_1_20x_0147804_0034708,S.3152_26_A3FD_1,20x,pos,2,c5b47a949dfb1193,1640588,unknown,allowlist_default,
20x/S.3152_26_A3FD_1_20x_0151791_0018804,S.3152_26_A3FD_1,20x,pos,1,3dec0b4f78a477c3,1551318,unknown,allowlist_default,
20x/S.3152_26_A3FD_1_20x_0152446_0037102,S.3152_26_A3FD_1,20x,pos,2,1e7140b52751d774,1759989,unknown,allowlist_default,
20x/S.3152_26_A3FD_1_20x_0154035_0021437,S.3152_26_A3FD_1,20x,pos,3,61918b6e724a2165,1603483,unknown,allowlist_default,
20x/S.3152_26_A3FD_1_20x_0154527_0022476,S.3152_26_A3FD_1,20x,pos,2,9d2328097cb8d12c,1463317,unknown,allowlist_default,
20x/S.3152_26_A3FD_1_20x_0154632_0013967,S.3152_26_A3FD_1,20x,pos,1,df1ae6720f2feb89,1759069,unknown,allowlist_default,
20x/S.3152_26_A3FD_1_20x_0155844_0016133,S.3152_26_A3FD_1,20x,pos,4,839e999614854811,1761755,unknown,allowlist_default,
20x/S.3152_26_A3FD_1_20x_0157023_0049296,S.3152_26_A3FD_1,20x,pos,1,c049a83d30445f92,1599906,unknown,allowlist_default,
20x/S.3152_26_A3FD_1_20x_0157072_0036119,S.3152_26_A3FD_1,20x,pos,4,421aa84a8d588a6c,1531709,unknown,allowlist_default,
20x/S.3152_26_A3FD_1_20x_0157700_0026850,S.3152_26_A3FD_1,20x,pos,2,1b5d2035950d6c3f,1729084,unknown,allowlist_default,
20x/S.3152_26_A3FD_1_20x_0158123_0035410,S.3152_26_A3FD_1,20x,pos,3,f87f5bd58a7ec6f6,1612616,unknown,allowlist_default,
20x/S.3152_26_A3FD_1_20x_0158349_0024465,S.3152_26_A3FD_1,20x,pos,2,eda939f25ffcbb09,1570750,unknown,allowlist_default,
20x/S.3508_26_EFD_1_20x_0030831_0032219,S.3508_26_EFD_1,20x,val_pos,1,ba772cc421551112,1695813,yes,allowlist_default,
20x/S.3508_26_EFD_1_20x_0035143_0040770,S.3508_26_EFD_1,20x,val_pos,1,8f52705f9c1987c7,1797216,yes,allowlist_default,
20x/S.3508_26_EFD_1_20x_0059824_0058124,S.3508_26_EFD_1,20x,val_pos,1,31d1f74d19cbd449,1903246,yes,allowlist_default,
20x/S.3508_26_EFD_1_20x_0072352_0023083,S.3508_26_EFD_1,20x,val_pos,2,f7c56ea247d0b825,2052630,yes,allowlist_default,
20x/S.3508_26_EFD_1_20x_0072881_0022545,S.3508_26_EFD_1,20x,val_pos,2,1695bc49354fe07d,1927666,yes,allowlist_default,
20x/S.3508_26_EFD_1_20x_0123829_0021412,S.3508_26_EFD_1,20x,val_pos,1,3ca1cb82566bd682,1914845,yes,allowlist_default,
20x/S.3508_26_JFD_2_20x_0021004_0038538,S.3508_26_JFD_2,20x,val_pos,1,642ffa23ce667154,1694606,yes,allowlist_default,
20x/S.3508_26_JFD_2_20x_0021092_0033877,S.3508_26_JFD_2,20x,val_pos,3,03fe29e9267f5c55,1773461,yes,allowlist_default,
20x/S.3508_26_JFD_2_20x_0021265_0034346,S.3508_26_JFD_2,20x,val_pos,4,b61db3c5062ff0e6,1807115,yes,allowlist_default,
20x/S.3508_26_JFD_2_20x_0021265_0036696,S.3508_26_JFD_2,20x,val_pos,2,4e20f0235ee6e3f2,1887814,yes,allowlist_default,
20x/S.3508_26_JFD_2_20x_0021701_0034433,S.3508_26_JFD_2,20x,val_pos,7,bf34a89e47433312,1794613,yes,allowlist_default,
20x/S.3508_26_JFD_2_20x_0022402_0034148,S.3508_26_JFD_2,20x,val_pos,7,0b5a07ccf28b83b3,1850648,yes,allowlist_default,
20x/S.3508_26_JFD_2_20x_0022681_0039456,S.3508_26_JFD_2,20x,val_pos,3,d390b4150b194d0f,1971795,yes,allowlist_default,
20x/S.3508_26_JFD_2_20x_0022728_0034039,S.3508_26_JFD_2,20x,val_pos,8,a43a3b5844062dbc,1807879,yes,allowlist_default,
20x/S.3508_26_JFD_2_20x_0023016_0034327,S.3508_26_JFD_2,20x,val_pos,11,29a9a85d1997e047,1746011,yes,allowlist_default,
20x/S.3508_26_JFD_2_20x_0023029_0039086,S.3508_26_JFD_2,20x,val_pos,4,ad1525a92048db4f,1950096,yes,allowlist_default,
20x/S.3508_26_JFD_2_20x_0023516_0035366,S.3508_26_JFD_2,20x,val_pos,8,4464dfe74f319727,1733121,yes,allowlist_default,
20x/S.3508_26_JFD_2_20x_0023839_0039855,S.3508_26_JFD_2,20x,val_pos,3,371da8c99af613b7,1863004,yes,allowlist_default,
20x/S.3508_26_JFD_2_20x_0023895_0034840,S.3508_26_JFD_2,20x,val_pos,10,ac854cba235d7a0a,1765480,yes,allowlist_default,
20x/S.3508_26_JFD_2_20x_0023974_0034645,S.3508_26_JFD_2,20x,val_pos,12,ba0083d2e5cf6bff,1783114,yes,allowlist_default,
20x/S.3508_26_JFD_2_20x_0024100_0038909,S.3508_26_JFD_2,20x,val_pos,3,7995cce25acbac0b,1872331,yes,allowlist_default,
20x/S.3508_26_JFD_2_20x_0024141_0035766,S.3508_26_JFD_2,20x,val_pos,8,75824f5b00ed54da,1780714,yes,allowlist_default,
20x/S.3508_26_JFD_2_20x_0024826_0033628,S.3508_26_JFD_2,20x,val_pos,4,5b62a104eed92647,1851675,yes,allowlist_default,
20x/S.3508_26_JFD_2_20x_0024868_0042331,S.3508_26_JFD_2,20x,val_pos,4,996971e991caab19,1805319,yes,allowlist_default,
20x/S.3508_26_JFD_2_20x_0024958_0034376,S.3508_26_JFD_2,20x,val_pos,7,95757440404bc960,1934272,yes,allowlist_default,
20x/S.3508_26_JFD_2_20x_0025166_0041712,S.3508_26_JFD_2,20x,val_pos,4,21e8f87b216e3a21,1902367,yes,allowlist_default,
20x/S.3508_26_JFD_2_20x_0025577_0042168,S.3508_26_JFD_2,20x,val_pos,5,1113a26b26cb1c8c,1845425,yes,allowlist_default,
20x/S.3508_26_JFD_2_20x_0025899_0050481,S.3508_26_JFD_2,20x,val_pos,2,dde4c5603f99df44,1773911,yes,allowlist_default,
20x/S.3508_26_JFD_2_20x_0026205_0047872,S.3508_26_JFD_2,20x,val_pos,2,9d427ecd08dd5e04,1931147,yes,allowlist_default,
20x/S.3508_26_JFD_2_20x_0026421_0043778,S.3508_26_JFD_2,20x,val_pos,5,4f387370be936403,1753320,yes,allowlist_default,
20x/S.3508_26_JFD_2_20x_0026591_0043382,S.3508_26_JFD_2,20x,val_pos,5,3e2da196e06b6ace,1798759,yes,allowlist_default,
20x/S.3508_26_JFD_2_20x_0026690_0042771,S.3508_26_JFD_2,20x,val_pos,6,b471be00e994d711,1836848,yes,allowlist_default,
20x/S.3508_26_JFD_2_20x_0026893_0043781,S.3508_26_JFD_2,20x,val_pos,5,ad9c1b3acc0049ff,1780925,yes,allowlist_default,
20x/S.3508_26_JFD_2_20x_0026960_0049372,S.3508_26_JFD_2,20x,val_pos,2,5f072faa7017b18e,1986374,yes,allowlist_default,
20x/S.3508_26_JFD_2_20x_0027008_0043451,S.3508_26_JFD_2,20x,val_pos,5,d9457624bdf1bbaf,1872188,yes,allowlist_default,
20x/S.3508_26_JFD_2_20x_0028343_0034496,S.3508_26_JFD_2,20x,val_pos,1,3ae6b0c785ac0535,1870895,yes,allowlist_default,
20x/S.3508_26_JFD_2_20x_0035506_0049838,S.3508_26_JFD_2,20x,val_pos,4,4d2b77c1bcdd9a65,1582374,yes,allowlist_default,
20x/S.3508_26_JFD_2_20x_0036224_0054112,S.3508_26_JFD_2,20x,val_pos,5,84d262b6c2db75ad,1605290,yes,allowlist_default,
20x/S.3508_26_JFD_2_20x_0036347_0048723,S.3508_26_JFD_2,20x,val_pos,3,ec633268b68260c8,1755880,yes,allowlist_default,
20x/S.3508_26_JFD_2_20x_0036764_0049492,S.3508_26_JFD_2,20x,val_pos,2,0194ff8ad8e34781,1918870,yes,allowlist_default,
20x/S.3508_26_JFD_2_20x_0037010_0053740,S.3508_26_JFD_2,20x,val_pos,5,58a0d614e2fcc790,1495304,yes,allowlist_default,
20x/S.3508_26_JFD_2_20x_0037091_0054281,S.3508_26_JFD_2,20x,val_pos,5,9a860c06f2143bd9,1445906,yes,allowlist_default,
20x/S.3508_26_JFD_2_20x_0037155_0050642,S.3508_26_JFD_2,20x,val_pos,2,b62be8534a48780b,1567721,yes,allowlist_default,
20x/S.3508_26_JFD_2_20x_0040304_0047625,S.3508_26_JFD_2,20x,val_pos,2,b0fb93f6459d7fec,1732406,yes,allowlist_default,
20x/S.3508_26_JFD_2_20x_0040493_0046756,S.3508_26_JFD_2,20x,val_pos,4,67618d798c35b3bf,1760590,yes,allowlist_default,
20x/S.3508_26_JFD_2_20x_0040948_0046122,S.3508_26_JFD_2,20x,val_pos,4,1ea42e89b61c7b54,1799276,yes,allowlist_default,
20x/S.3508_26_JFD_2_20x_0041124_0045969,S.3508_26_JFD_2,20x,val_pos,3,2d080ac804a8096d,1740167,yes,allowlist_default,
20x/S.3508_26_JFD_2_20x_0041126_0042252,S.3508_26_JFD_2,20x,val_pos,1,3d66dd73297c99fd,1897632,yes,allowlist_default,
20x/S.3508_26_JFD_2_20x_0042493_0041227,S.3508_26_JFD_2,20x,val_pos,7,31ddc0560afd011d,1888516,yes,allowlist_default,
20x/S.3508_26_JFD_2_20x_0042709_0042171,S.3508_26_JFD_2,20x,val_pos,5,3cdbb10077b6d932,1768368,yes,allowlist_default,
20x/S.3508_26_JFD_2_20x_0043159_0041567,S.3508_26_JFD_2,20x,val_pos,6,b8f2668ef6981e98,1748852,yes,allowlist_default,
20x/S.3508_26_JFD_2_20x_0043271_0042168,S.3508_26_JFD_2,20x,val_pos,5,027c760c588a4726,1735967,yes,allowlist_default,
20x/S.3508_26_JFD_2_20x_0043405_0041190,S.3508_26_JFD_2,20x,val_pos,7,267560cee0df45e8,1803283,yes,allowlist_default,
20x/S.3508_26_JFD_2_20x_0043505_0040551,S.3508_26_JFD_2,20x,val_pos,4,1eb239bbcf383046,1766547,yes,allowlist_default,
20x/S.3508_26_JFD_2_20x_0050960_0051680,S.3508_26_JFD_2,20x,val_pos,2,1bd64e208d01916b,1928747,yes,allowlist_default,
20x/S.3508_26_JFD_2_20x_0051866_0050501,S.3508_26_JFD_2,20x,val_pos,2,9c067c060f8af864,1971831,yes,allowlist_default,
20x/S.3508_26_JFD_2_20x_0053633_0050578,S.3508_26_JFD_2,20x,val_pos,2,62f8801f7800da17,1822949,yes,allowlist_default,
20x/S.3508_26_JFD_2_20x_0053858_0051939,S.3508_26_JFD_2,20x,val_pos,2,46330e28f73b5583,1899856,yes,allowlist_default,
20x/S.3508_26_JFD_2_20x_0053961_0051585,S.3508_26_JFD_2,20x,val_pos,3,cebdf50784a4e359,1834624,yes,allowlist_default,
20x/S.3508_26_JFD_2_20x_0055450_0050048,S.3508_26_JFD_2,20x,val_pos,1,219d772a7d90c0cf,1894361,yes,allowlist_default,
20x/S.3508_26_JFD_2_20x_0060684_0052905,S.3508_26_JFD_2,20x,val_pos,1,3bc083c3c11b869e,1700515,yes,allowlist_default,
20x/S.3508_26_JFD_2_20x_0065981_0032821,S.3508_26_JFD_2,20x,val_pos,1,d466b0335080a80a,1919481,yes,allowlist_default,
20x/S.3508_26_JFD_2_20x_0066266_0035665,S.3508_26_JFD_2,20x,val_pos,1,50c73e994603e429,2018231,yes,allowlist_default,
20x/S.3508_26_JFD_2_20x_0073678_0030443,S.3508_26_JFD_2,20x,val_pos,1,de05133a4458885a,1680866,yes,allowlist_default,
20x/S.3508_26_JFD_2_20x_0129666_0047237,S.3508_26_JFD_2,20x,val_pos,1,7622db2be0bc33f3,1866054,yes,allowlist_default,
20x/S.3508_26_JFD_2_20x_0130262_0044648,S.3508_26_JFD_2,20x,val_pos,1,ebdcf6a9fc24fb93,2007789,yes,allowlist_default,
40x/A2FD_1_40x_0017216_0072608,A2FD_1,40x,pos,1,d654737130687dc8,1462794,yes,allowlist_default,
40x/A2FD_1_40x_0017774_0057324,A2FD_1,40x,pos,1,19bb80a3ce3bb55b,1631521,yes,allowlist_default,
40x/A2FD_1_40x_0023225_0039135,A2FD_1,40x,pos,1,720d08b392fe3b34,1608358,yes,allowlist_default,
40x/A2FD_1_40x_0024657_0042907,A2FD_1,40x,pos,1,d80d935d5d7ddef8,1547465,yes,allowlist_default,
40x/A2FD_1_40x_0024966_0034057,A2FD_1,40x,pos,1,9f68df462ecc03db,1615100,yes,allowlist_default,
40x/A2FD_1_40x_0026836_0043674,A2FD_1,40x,pos,1,17db3eb6fa42ea97,1424170,yes,allowlist_default,
40x/A2FD_1_40x_0027695_0042186,A2FD_1,40x,pos,1,942dd576920791c8,1311204,yes,allowlist_default,
40x/A2FD_1_40x_0030882_0032475,A2FD_1,40x,pos,1,094e168fbc8e82c7,1599819,yes,allowlist_default,
40x/A2FD_1_40x_0032117_0031156,A2FD_1,40x,pos,1,40f7d3782cdbb019,1520753,yes,allowlist_default,
40x/A2FD_1_40x_0033501_0033508,A2FD_1,40x,pos,1,cfcddd8099251609,1638094,yes,allowlist_default,
40x/A2FD_1_40x_0033941_0032432,A2FD_1,40x,pos,1,059840e774bf8b07,1495286,yes,allowlist_default,
40x/A2FD_1_40x_0034745_0032650,A2FD_1,40x,pos,1,08b7798179abf7ef,1561485,yes,allowlist_default,
40x/A2FD_1_40x_0035379_0032149,A2FD_1,40x,pos,1,92afd4db99b15912,1432038,yes,allowlist_default,
40x/A2FD_1_40x_0036493_0061410,A2FD_1,40x,pos,1,d335670bdc50e267,1400116,yes,allowlist_default,
40x/A2FD_1_40x_0041463_0068340,A2FD_1,40x,pos,1,aa33e23cd619c1a6,1421480,yes,allowlist_default,
40x/A2FD_1_40x_0049381_0077228,A2FD_1,40x,pos,1,254fb549d92d6e95,1444785,yes,allowlist_default,
40x/A2FD_1_40x_0049751_0041930,A2FD_1,40x,pos,1,68fd2ee2ce343ae8,1578357,yes,allowlist_default,
40x/A2FD_1_40x_0050521_0041437,A2FD_1,40x,pos,1,349ae9279d2d5c59,1547809,yes,allowlist_default,
40x/A2FD_1_40x_0051496_0050861,A2FD_1,40x,pos,1,81c49e998a017b4d,1487666,yes,allowlist_default,
40x/A2FD_1_40x_0051845_0077334,A2FD_1,40x,pos,1,3b7a2f5b32e77ea0,1350445,yes,allowlist_default,
40x/A2FD_1_40x_0052032_0051729,A2FD_1,40x,pos,1,3e8aafe8a6ad4da3,1449564,yes,allowlist_default,
40x/A2FD_1_40x_0052577_0045576,A2FD_1,40x,pos,1,6d1bc399e0fa4b5f,1623845,yes,allowlist_default,
40x/A2FD_1_40x_0052741_0077254,A2FD_1,40x,pos,2,8f7ec016f6aa70d0,1395672,yes,allowlist_default,
40x/A2FD_1_40x_0053108_0077430,A2FD_1,40x,pos,2,5fa3bdeb09a9973a,1442114,yes,allowlist_default,
40x/A2FD_1_40x_0055359_0083882,A2FD_1,40x,pos,1,3ef03386a7e650b0,1416655,yes,allowlist_default,
40x/A2FD_1_40x_0059231_0071542,A2FD_1,40x,pos,1,629150a4c79a3ff1,1457277,yes,allowlist_default,
40x/A2FD_1_40x_0059736_0060334,A2FD_1,40x,pos,1,178e8ef5d93a1f69,1433936,yes,allowlist_default,
40x/A2FD_1_40x_0060672_0052486,A2FD_1,40x,pos,1,72a428bac7df24bd,1345025,yes,allowlist_default,
40x/A2FD_1_40x_0067996_0066330,A2FD_1,40x,pos,1,99633f228a8da6ec,1415419,yes,allowlist_default,
40x/A2FD_1_40x_0069167_0067959,A2FD_1,40x,pos,1,a82f0fdbf85f85ec,1444885,yes,allowlist_default,
40x/A2FD_1_40x_0073892_0071235,A2FD_1,40x,pos,1,7d874879219f43a9,1387241,yes,allowlist_default,
40x/A2FD_1_40x_0079738_0060644,A2FD_1,40x,pos,1,d0d7ff5987cfeec0,1417821,yes,allowlist_default,
40x/A2FD_1_40x_0125284_0069809,A2FD_1,40x,pos,1,e5cf90d530010849,1326277,yes,allowlist_default,
40x/A2FD_1_40x_0127774_0070965,A2FD_1,40x,pos,1,e83737a662cc3f24,1226392,yes,allowlist_default,
40x/A2FD_1_40x_0142597_0031484,A2FD_1,40x,pos,1,634606371436db4c,1523132,yes,allowlist_default,
40x/A2FD_1_40x_0149670_0066364,A2FD_1,40x,pos,1,5069b271046cc8ed,1387920,yes,allowlist_default,
40x/A2FD_1_40x_0160147_0016422,A2FD_1,40x,pos,1,7256e98281284528,1307094,yes,allowlist_default,
40x/A2FD_1_40x_0160505_0023555,A2FD_1,40x,pos,1,e27fbe77abe8f820,1522439,yes,allowlist_default,
40x/A2FD_1_40x_0161099_0023996,A2FD_1,40x,pos,3,be1b00631b0f9917,1437402,yes,allowlist_default,
40x/A2FD_1_40x_0161309_0023785,A2FD_1,40x,pos,2,12cba3e67c014832,1336854,yes,allowlist_default,
40x/A2FD_1_40x_0163191_0025915,A2FD_1,40x,pos,1,0ef934393b233d2d,1383787,yes,allowlist_default,
40x/A2FD_1_40x_0175798_0066763,A2FD_1,40x,pos,1,45435dedaf797c51,1457717,yes,allowlist_default,
40x/A2FD_1_40x_0176424_0065149,A2FD_1,40x,pos,1,9fc6c3160dcff60c,1381735,yes,allowlist_default,
40x/A2FD_1_40x_0181888_0069958,A2FD_1,40x,pos,2,78d3a190a81d1e92,1377381,yes,allowlist_default,
40x/A2FD_1_40x_0183801_0070791,A2FD_1,40x,pos,2,26b88cf2a49255e8,1345329,yes,allowlist_default,
40x/A2FD_1_S.2058_26_40x_0015190_0022256,A2FD_1_S.2058_26,40x,pos,1,82e3ed1559fe4c2c,1201975,unknown,allowlist_default,
40x/A2FD_1_S.2058_26_40x_0021753_0068551,A2FD_1_S.2058_26,40x,pos,1,c027ebd933c4e3ca,1060147,unknown,allowlist_default,
40x/A2FD_1_S.2058_26_40x_0024959_0021763,A2FD_1_S.2058_26,40x,pos,1,21d2f824f85024af,1144840,unknown,allowlist_default,
40x/A2FD_1_S.2058_26_40x_0030271_0007733,A2FD_1_S.2058_26,40x,pos,1,33f8818001e44312,1009034,unknown,allowlist_default,
40x/A2FD_1_S.2058_26_40x_0030871_0065828,A2FD_1_S.2058_26,40x,pos,1,0c3150a9a3f378f8,1146157,unknown,allowlist_default,
40x/A2FD_1_S.2058_26_40x_0031359_0020105,A2FD_1_S.2058_26,40x,pos,1,661f86b46edf1758,1140855,unknown,allowlist_default,
40x/A2FD_1_S.2058_26_40x_0031847_0066165,A2FD_1_S.2058_26,40x,pos,1,32c08b043996301a,1150233,unknown,allowlist_default,
40x/A2FD_1_S.2058_26_40x_0032954_0011481,A2FD_1_S.2058_26,40x,pos,1,4e96e544360f7a74,1020627,unknown,allowlist_default,
40x/A2FD_1_S.2058_26_40x_0034352_0066382,A2FD_1_S.2058_26,40x,pos,1,94cb4a60ffd0f568,1086584,unknown,allowlist_default,
40x/A2FD_1_S.2058_26_40x_0036783_0067946,A2FD_1_S.2058_26,40x,pos,1,2bc77dd8658e5d44,1086040,unknown,allowlist_default,
40x/A2FD_1_S.2058_26_40x_0037176_0014788,A2FD_1_S.2058_26,40x,pos,1,790f084b1e21cebe,1061509,unknown,allowlist_default,
40x/A2FD_1_S.2058_26_40x_0038806_0067770,A2FD_1_S.2058_26,40x,pos,1,22c8e593c148b107,1137955,unknown,allowlist_default,
40x/A2FD_1_S.2058_26_40x_0041469_0019079,A2FD_1_S.2058_26,40x,pos,1,cce0f30346a4b5ce,1095842,unknown,allowlist_default,
40x/A2FD_1_S.2058_26_40x_0042421_0018949,A2FD_1_S.2058_26,40x,pos,1,696f1b58266249a1,1103542,unknown,allowlist_default,
40x/A2FD_1_S.2058_26_40x_0044221_0016431,A2FD_1_S.2058_26,40x,pos,1,239b8a7625fdc4cb,1022437,unknown,allowlist_default,
40x/A2FD_1_S.2058_26_40x_0044547_0065948,A2FD_1_S.2058_26,40x,pos,1,dd5f9953fcb1296f,1232156,unknown,allowlist_default,
40x/A2FD_1_S.2058_26_40x_0044570_0020913,A2FD_1_S.2058_26,40x,pos,1,80140c6d94260f19,1138573,unknown,allowlist_default,
40x/A2FD_1_S.2058_26_40x_0045650_0017030,A2FD_1_S.2058_26,40x,pos,1,98949c6b6206bb71,1013793,unknown,allowlist_default,
40x/A2FD_1_S.2058_26_40x_0045866_0019186,A2FD_1_S.2058_26,40x,pos,1,ac170eb1af9383fc,1084026,unknown,allowlist_default,
40x/A2FD_1_S.2058_26_40x_0046465_0074071,A2FD_1_S.2058_26,40x,pos,1,80b1d890a059ddd7,1122953,unknown,allowlist_default,
40x/A2FD_1_S.2058_26_40x_0048154_0021391,A2FD_1_S.2058_26,40x,pos,1,e488c9320fcab895,1095394,unknown,allowlist_default,
40x/A2FD_1_S.2058_26_40x_0061991_0054700,A2FD_1_S.2058_26,40x,pos,1,d9bd4ba41f690ec5,1519419,unknown,allowlist_default,
40x/A2FD_1_S.2058_26_40x_0062170_0037509,A2FD_1_S.2058_26,40x,pos,1,eba6a7b58aa3a000,1416226,unknown,allowlist_default,
40x/A2FD_1_S.2058_26_40x_0065407_0032256,A2FD_1_S.2058_26,40x,pos,1,ac2f3454303278ec,1231114,unknown,allowlist_default,
40x/A2FD_1_S.2058_26_40x_0065449_0035739,A2FD_1_S.2058_26,40x,pos,2,bf03fae8f4a1a9ab,1447106,unknown,allowlist_default,
40x/A2FD_1_S.2058_26_40x_0065642_0035909,A2FD_1_S.2058_26,40x,pos,2,f34af103d44540dd,1446216,unknown,allowlist_default,
40x/A2FD_1_S.2058_26_40x_0066619_0053431,A2FD_1_S.2058_26,40x,neg,0,e3b0c44298fc1c14,1660728,unknown,allowlist_default,
40x/A2FD_1_S.2058_26_40x_0069017_0043168,A2FD_1_S.2058_26,40x,pos,1,418e0d99e12b01e0,1578687,unknown,allowlist_default,
40x/A2FD_1_S.2058_26_40x_0120864_0024834,A2FD_1_S.2058_26,40x,neg,0,e3b0c44298fc1c14,1081712,unknown,allowlist_default,
40x/A2FD_1_S.2058_26_40x_0128045_0074396,A2FD_1_S.2058_26,40x,neg,0,e3b0c44298fc1c14,1129322,unknown,allowlist_default,
40x/A2FD_1_S.2058_26_40x_0129727_0027060,A2FD_1_S.2058_26,40x,pos,1,cf0fd3ac1923c22c,1168396,unknown,allowlist_default,
40x/A2FD_1_S.2058_26_40x_0134507_0017374,A2FD_1_S.2058_26,40x,neg,0,e3b0c44298fc1c14,1058686,unknown,allowlist_default,
40x/A2FD_1_S.2058_26_40x_0135150_0069622,A2FD_1_S.2058_26,40x,pos,2,c6c83313ca109da3,1177023,unknown,allowlist_default,
40x/A2FD_1_S.2058_26_40x_0135423_0017589,A2FD_1_S.2058_26,40x,pos,1,6ce8e3152b9b48da,1063723,unknown,allowlist_default,
40x/A2FD_1_S.2058_26_40x_0136317_0069767,A2FD_1_S.2058_26,40x,pos,1,6af7548d2d66d22e,1196074,unknown,allowlist_default,
40x/A2FD_1_S.2058_26_40x_0136740_0076278,A2FD_1_S.2058_26,40x,pos,1,b3d277158990e98b,1217560,unknown,allowlist_default,
40x/A2FD_1_S.2058_26_40x_0139842_0020468,A2FD_1_S.2058_26,40x,pos,1,8e6ef9a7a2a22e84,1124775,unknown,allowlist_default,
40x/A2FD_1_S.2058_26_40x_0142088_0025334,A2FD_1_S.2058_26,40x,pos,2,f0fc9742d153ee44,1229434,unknown,allowlist_default,
40x/A2FD_1_S.2058_26_40x_0142300_0025022,A2FD_1_S.2058_26,40x,pos,3,fa6212a872c291c5,1195673,unknown,allowlist_default,
40x/A2FD_1_S.2058_26_40x_0142764_0024929,A2FD_1_S.2058_26,40x,pos,2,0c26c4c426bac5fa,1195124,unknown,allowlist_default,
40x/A2FD_1_S.2058_26_40x_0142919_0076574,A2FD_1_S.2058_26,40x,pos,1,7d6bd18914f56010,1113691,unknown,allowlist_default,
40x/A2FD_1_S.2058_26_40x_0144363_0024414,A2FD_1_S.2058_26,40x,pos,1,466afe5f35563026,1130475,unknown,allowlist_default,
40x/A2FD_1_S.2058_26_40x_0145481_0073181,A2FD_1_S.2058_26,40x,pos,2,311dc1fe09f5fb6e,1149666,unknown,allowlist_default,
40x/A2FD_1_S.2058_26_40x_0145803_0015537,A2FD_1_S.2058_26,40x,neg,0,e3b0c44298fc1c14,1074773,unknown,allowlist_default,
40x/A2FD_1_S.2058_26_40x_0146926_0021538,A2FD_1_S.2058_26,40x,pos,1,83116f0c0c6d2aa7,1065131,unknown,allowlist_default,
40x/A2FD_1_S.2058_26_40x_0147250_0071825,A2FD_1_S.2058_26,40x,pos,1,7669e23597627690,1208881,unknown,allowlist_default,
40x/A2FD_1_S.2058_26_40x_0148714_0024209,A2FD_1_S.2058_26,40x,pos,1,c043a96d6aafda49,1128938,unknown,allowlist_default,
40x/A2FD_1_S.2058_26_40x_0149029_0022107,A2FD_1_S.2058_26,40x,pos,1,9eadf28d17307731,1066141,unknown,allowlist_default,
40x/A2FD_1_S.2058_26_40x_0149096_0071160,A2FD_1_S.2058_26,40x,pos,1,d94b97f3975d985e,1221869,unknown,allowlist_default,
40x/A2FD_1_S.2058_26_40x_0151069_0070911,A2FD_1_S.2058_26,40x,pos,1,f07cdde67522a3e9,1175883,unknown,allowlist_default,
40x/A2FD_1_S.2058_26_40x_0151970_0026646,A2FD_1_S.2058_26,40x,pos,2,13baf9922749ab77,1196768,unknown,allowlist_default,
40x/A2FD_1_S.2058_26_40x_0152047_0026330,A2FD_1_S.2058_26,40x,pos,2,2c142776fc005a69,1236712,unknown,allowlist_default,
40x/A2FD_1_S.2058_26_40x_0153631_0078856,A2FD_1_S.2058_26,40x,pos,1,606484894dcf3cb2,1137540,unknown,allowlist_default,
40x/A2FD_1_S.2058_26_40x_0165171_0059693,A2FD_1_S.2058_26,40x,pos,3,b93f1bdc10ceab76,1171680,unknown,allowlist_default,
40x/A2FD_1_S.2058_26_40x_0165455_0059089,A2FD_1_S.2058_26,40x,pos,2,af3235861be7eb53,1203619,unknown,allowlist_default,
40x/A2FD_1_S.2058_26_40x_0166278_0041244,A2FD_1_S.2058_26,40x,pos,1,30d7aa37245c20f9,1696256,unknown,allowlist_default,
40x/A2FD_1_S.2058_26_40x_0166353_0068377,A2FD_1_S.2058_26,40x,pos,2,2bbae9f6fc26a7ad,1186696,unknown,allowlist_default,
40x/A2FD_1_S.2058_26_40x_0167537_0058513,A2FD_1_S.2058_26,40x,pos,1,2b7be15860e6459d,1257920,unknown,allowlist_default,
40x/A2FD_1_S.2058_26_40x_0169140_0035784,A2FD_1_S.2058_26,40x,pos,1,99cc024ef9571f0f,1446600,unknown,allowlist_default,
40x/A2FD_1_S.2058_26_40x_0173597_0046486,A2FD_1_S.2058_26,40x,pos,1,7b19b73479659a0c,1644142,unknown,allowlist_default,
40x/A3_FD_1_40x_0012676_0058214,A3_FD_1,40x,pos,1,fe0cfe631d99bc06,1571539,unknown,allowlist_default,
40x/A3_FD_1_40x_0017817_0055234,A3_FD_1,40x,pos,1,417697a3d56ab225,1553504,unknown,allowlist_default,
40x/A3_FD_1_40x_0020840_0040921,A3_FD_1,40x,pos,1,1fdf1dda98d617b9,1557141,unknown,allowlist_default,
40x/A3_FD_1_40x_0038642_0046258,A3_FD_1,40x,pos,1,e89b0a4771014fc4,1569429,unknown,allowlist_default,
40x/A3_FD_1_40x_0038718_0040402,A3_FD_1,40x,pos,1,7581eb872bf4819f,1624691,unknown,allowlist_default,
40x/A3_FD_1_40x_0040504_0048569,A3_FD_1,40x,pos,1,3f396d57440cb73e,1637253,unknown,allowlist_default,
40x/A3_FD_1_40x_0042629_0026020,A3_FD_1,40x,pos,1,638191342e2e9e1c,1582191,unknown,allowlist_default,
40x/A3_FD_1_40x_0043244_0016200,A3_FD_1,40x,pos,1,63f9f6398b8a507f,1592505,unknown,allowlist_default,
40x/A3_FD_1_40x_0046293_0018689,A3_FD_1,40x,pos,1,b977c970e27548a2,1594357,unknown,allowlist_default,
40x/A3_FD_1_40x_0053067_0030615,A3_FD_1,40x,pos,1,6bbe91515bdcf128,1626943,unknown,allowlist_default,
40x/A3_FD_1_40x_0054605_0037145,A3_FD_1,40x,pos,1,7e2080253ee95e63,1498488,unknown,allowlist_default,
40x/A3_FD_1_40x_0057038_0036072,A3_FD_1,40x,pos,1,cfd5923982ba106f,1523910,unknown,allowlist_default,
40x/A3_FD_1_40x_0057961_0022607,A3_FD_1,40x,pos,1,c0c96601f7678281,1617137,unknown,allowlist_default,
40x/A3_FD_1_40x_0060274_0032426,A3_FD_1,40x,pos,2,71e8e267c7b13231,1579788,unknown,allowlist_default,
40x/A3_FD_1_40x_0111821_0056609,A3_FD_1,40x,pos,1,55b0a060e53a2dc5,1480482,unknown,allowlist_default,
40x/A3_FD_1_40x_0116618_0053350,A3_FD_1,40x,pos,1,27ea4d43c2065f1d,1417234,unknown,allowlist_default,
40x/A3_FD_1_40x_0136028_0036964,A3_FD_1,40x,pos,1,6288ff9c975c5ac2,1598133,unknown,allowlist_default,
40x/A3_FD_1_40x_0136395_0042833,A3_FD_1,40x,pos,1,7024096c4fe3fff5,1526181,unknown,allowlist_default,
40x/A3_FD_1_40x_0138919_0022341,A3_FD_1,40x,pos,1,0de7dc6912a22a9b,1606400,unknown,allowlist_default,
40x/A3_FD_1_40x_0142016_0014722,A3_FD_1,40x,pos,1,d1b70ea35d2ced05,1659663,unknown,allowlist_default,
40x/A3_FD_1_40x_0149625_0026053,A3_FD_1,40x,pos,1,7768fcdfe08bbb0c,1586436,unknown,allowlist_default,
40x/A3_FD_1_40x_0151551_0032395,A3_FD_1,40x,pos,1,1bec03a446ff36e1,1541379,unknown,allowlist_default,
40x/A3_FD_1_40x_0153928_0031137,A3_FD_1,40x,pos,1,816064f326847413,1577480,unknown,allowlist_default,
40x/BFD_1_40x_0042210_0040016,BFD_1,40x,pos,1,e0ef1535445fd174,1687721,yes,allowlist_default,
40x/BFD_1_40x_0042340_0041422,BFD_1,40x,pos,2,b1da27eea6aa3dc2,1595317,yes,allowlist_default,
40x/BFD_1_40x_0042732_0041748,BFD_1,40x,pos,2,237a3844884dad3d,1581577,yes,allowlist_default,
40x/BFD_1_40x_0043666_0041585,BFD_1,40x,pos,1,2ee7f4c6ff4e750d,1652810,yes,allowlist_default,
40x/BFD_1_40x_0046135_0026854,BFD_1,40x,pos,2,1b63a874fd959e06,1538907,yes,allowlist_default,
40x/BFD_1_40x_0046245_0027450,BFD_1,40x,pos,2,79e47a6c7ff58e79,1559399,yes,allowlist_default,
40x/BFD_1_40x_0047188_0026775,BFD_1,40x,pos,1,2dab8767466fdfe5,1633192,yes,allowlist_default,
40x/BFD_1_40x_0047995_0026666,BFD_1,40x,pos,2,32d7d1c8e778a402,1623696,yes,allowlist_default,
40x/BFD_1_40x_0048440_0029352,BFD_1,40x,pos,1,9bf39ee73b47dcb9,1578106,yes,allowlist_default,
40x/BFD_1_40x_0048716_0022505,BFD_1,40x,pos,1,954690b68aad4155,1493851,yes,allowlist_default,
40x/BFD_1_40x_0049045_0029740,BFD_1,40x,pos,1,c78c7c1740d081cb,1604969,yes,allowlist_default,
40x/BFD_1_40x_0049275_0028853,BFD_1,40x,pos,2,c91cb894475a357c,1595855,yes,allowlist_default,
40x/BFD_1_40x_0049780_0043135,BFD_1,40x,pos,1,75a66e65007bb828,1500955,yes,allowlist_default,
40x/BFD_1_40x_0050005_0042288,BFD_1,40x,pos,2,a512d3de3fb8bf80,1555309,yes,allowlist_default,
40x/BFD_1_40x_0050643_0042448,BFD_1,40x,pos,2,bf090039c5cc07a3,1450378,yes,allowlist_default,
40x/BFD_1_40x_0050844_0021617,BFD_1,40x,pos,1,e2274f17a16d8784,1593851,yes,allowlist_default,
40x/BFD_1_40x_0051372_0028620,BFD_1,40x,pos,1,ce120bbced0607ee,1621704,yes,allowlist_default,
40x/BFD_1_40x_0052178_0025213,BFD_1,40x,pos,2,8ffacafc1d9793fd,1563426,yes,allowlist_default,
40x/BFD_1_40x_0052248_0023038,BFD_1,40x,pos,1,0d0a347b21931d7c,1554591,yes,allowlist_default,
40x/BFD_1_40x_0052468_0040638,BFD_1,40x,pos,2,74c06977f8f54c39,1378144,yes,allowlist_default,
40x/BFD_1_40x_0052956_0040059,BFD_1,40x,pos,1,ecd3dd6e3622a0d5,1507390,yes,allowlist_default,
40x/BFD_1_40x_0053020_0024955,BFD_1,40x,pos,1,2744dcc6996072a0,1531448,yes,allowlist_default,
40x/BFD_1_40x_0053035_0026074,BFD_1,40x,pos,3,f966a590ef636f5f,1549226,yes,allowlist_default,
40x/BFD_1_40x_0053364_0042133,BFD_1,40x,pos,1,b22ff1d67684ce6b,1449441,yes,allowlist_default,
40x/BFD_1_40x_0053518_0043168,BFD_1,40x,pos,1,43b2da09237e4eee,1371811,yes,allowlist_default,
40x/BFD_1_40x_0053703_0025471,BFD_1,40x,pos,2,49d4542d3f415bbc,1627151,yes,allowlist_default,
40x/BFD_1_40x_0053758_0027983,BFD_1,40x,pos,2,31356db77f419925,1541002,yes,allowlist_default,
40x/BFD_1_40x_0053886_0037415,BFD_1,40x,pos,2,308c4d569cddb4e9,1505865,yes,allowlist_default,
40x/BFD_1_40x_0054086_0043967,BFD_1,40x,pos,2,eccf246c40c5b952,1356010,yes,allowlist_default,
40x/BFD_1_40x_0054157_0030690,BFD_1,40x,pos,1,b5a657c1b25afebb,1472518,yes,allowlist_default,
40x/BFD_1_40x_0054295_0039152,BFD_1,40x,pos,1,861a63811aa73274,1517381,yes,allowlist_default,
40x/BFD_1_40x_0054388_0037871,BFD_1,40x,pos,2,10924d329cb1dfff,1515791,yes,allowlist_default,
40x/BFD_1_40x_0054524_0044439,BFD_1,40x,pos,2,57fb8419c8a7898d,1339170,yes,allowlist_default,
40x/BFD_1_40x_0054731_0035825,BFD_1,40x,pos,2,d5c844c0ae2e4dbb,1487682,yes,allowlist_default,
40x/BFD_1_40x_0055071_0040497,BFD_1,40x,pos,1,f88137fec1416ba4,1416765,yes,allowlist_default,
40x/BFD_1_40x_0055239_0044151,BFD_1,40x,pos,1,5cde15d8401a1c5b,1414736,yes,allowlist_default,
40x/BFD_1_40x_0055328_0034845,BFD_1,40x,pos,1,5718e97246e5a91a,1605589,yes,allowlist_default,
40x/BFD_1_40x_0055484_0042630,BFD_1,40x,pos,1,c0961b4f7812efcc,1533752,yes,allowlist_default,
40x/BFD_1_40x_0055926_0041748,BFD_1,40x,pos,3,d28f48609cc08141,1444428,yes,allowlist_default,
40x/BFD_1_40x_0056056_0034725,BFD_1,40x,pos,1,53a0e687d8530952,1624922,yes,allowlist_default,
40x/BFD_1_40x_0056114_0041496,BFD_1,40x,pos,3,95513dd1e5287495,1360394,yes,allowlist_default,
40x/BFD_1_40x_0056273_0036196,BFD_1,40x,pos,1,fc4663fde93528e9,1563619,yes,allowlist_default,
40x/BFD_1_40x_0056349_0041416,BFD_1,40x,pos,3,965ea53d669d3d8d,1364594,yes,allowlist_default,
40x/BFD_1_40x_0056537_0045101,BFD_1,40x,pos,4,d4777ff6051bde78,1434830,yes,allowlist_default,
40x/BFD_1_40x_0056738_0044687,BFD_1,40x,pos,4,ecb3f8ef63447b72,1391397,yes,allowlist_default,
40x/BFD_1_40x_0056790_0040022,BFD_1,40x,pos,2,26cceabc2eaad56f,1351243,yes,allowlist_default,
40x/BFD_1_40x_0056857_0035780,BFD_1,40x,pos,2,2b3bcd8216e8eb2e,1489876,yes,allowlist_default,
40x/BFD_1_40x_0056984_0044883,BFD_1,40x,pos,4,6e2e510240be38c2,1380983,yes,allowlist_default,
40x/BFD_1_40x_0057013_0046647,BFD_1,40x,pos,3,1d09913a61a130e0,1443029,yes,allowlist_default,
40x/BFD_1_40x_0057089_0046844,BFD_1,40x,pos,2,c895d058ac90b11c,1456718,yes,allowlist_default,
40x/BFD_1_40x_0057135_0041121,BFD_1,40x,pos,2,c7d8b2262f0ded40,1402083,yes,allowlist_default,
40x/BFD_1_40x_0057207_0046120,BFD_1,40x,pos,2,ee4f1a498b88db59,1462778,yes,allowlist_default,
40x/BFD_1_40x_0057293_0040955,BFD_1,40x,pos,2,9d28943a596628b0,1318263,yes,allowlist_default,
40x/BFD_1_40x_0058055_0040579,BFD_1,40x,pos,3,711c7ec9f3c912a0,1415881,yes,allowlist_default,
40x/BFD_1_40x_0058167_0036926,BFD_1,40x,pos,2,e30d209bb70d2b19,1371805,yes,allowlist_default,
40x/BFD_1_40x_0058168_0036663,BFD_1,40x,pos,3,a02a6fc54fa0bc23,1334087,yes,allowlist_default,
40x/BFD_1_40x_0058424_0035046,BFD_1,40x,pos,1,5ac67e7ddd76d767,1612594,yes,allowlist_default,
40x/BFD_1_40x_0059327_0050030,BFD_1,40x,pos,2,df61397083ff73ea,1487967,yes,allowlist_default,
40x/BFD_1_40x_0059487_0046723,BFD_1,40x,pos,2,c785b219e8aaeab8,1649130,yes,allowlist_default,
40x/BFD_1_40x_0059651_0049591,BFD_1,40x,pos,2,5afec88c540b3a78,1534714,yes,allowlist_default,
40x/S.2016_26_A2_FD_1_40x_0014723_0049031,S.2016_26_A2_FD_1,40x,pos,1,5196a7bd041d8883,1564883,yes,allowlist_default,
40x/S.2016_26_A2_FD_1_40x_0038466_0026677,S.2016_26_A2_FD_1,40x,pos,2,78dc27e15fbb5953,1538073,yes,allowlist_default,
40x/S.2016_26_A2_FD_1_40x_0038539_0026465,S.2016_26_A2_FD_1,40x,pos,2,b3a829c4e11dc3f2,1493586,yes,allowlist_default,
40x/S.2016_26_A2_FD_1_40x_0039304_0026544,S.2016_26_A2_FD_1,40x,pos,1,aa7eba554b2af672,1593779,yes,allowlist_default,
40x/S.2016_26_A2_FD_1_40x_0050751_0037501,S.2016_26_A2_FD_1,40x,pos,1,fe57cd8f9c0cf969,1625000,yes,allowlist_default,
40x/S.2016_26_A2_FD_1_40x_0120436_0057793,S.2016_26_A2_FD_1,40x,pos,1,b71cfdcc6e68ff42,1440973,yes,allowlist_default,
40x/S.2016_26_A2_FD_1_40x_0121158_0053909,S.2016_26_A2_FD_1,40x,pos,1,ae8bfad571c93ad4,1524184,yes,allowlist_default,
40x/S.2016_26_A2_FD_1_40x_0144192_0031445,S.2016_26_A2_FD_1,40x,pos,1,2f819466f411cbf3,1547117,yes,allowlist_default,
40x/S.2016_26_A2_FD_1_40x_0145946_0032452,S.2016_26_A2_FD_1,40x,pos,2,3f9bdc85b7198333,1522327,yes,allowlist_default,
40x/S.2016_26_A2_FD_1_40x_0146042_0032225,S.2016_26_A2_FD_1,40x,pos,2,61a94b940131618c,1473145,yes,allowlist_default,
40x/S.2016_26_A2_FD_1_40x_0146846_0032337,S.2016_26_A2_FD_1,40x,pos,2,bb23084aa4d1f647,1598489,yes,allowlist_default,
40x/S.2016_26_A2_FD_1_40x_0146908_0031906,S.2016_26_A2_FD_1,40x,pos,2,bdf155f0e006e2ca,1440310,yes,allowlist_default,
40x/S.2016_26_A2_FD_1_40x_0149040_0062729,S.2016_26_A2_FD_1,40x,pos,1,5bcf84b4fb1db59c,1673991,yes,allowlist_default,
40x/S.2016_26_A2_FD_1_40x_0152600_0060503,S.2016_26_A2_FD_1,40x,pos,1,49d8fde7f4f212ab,1643833,yes,allowlist_default,
40x/S.2016_26_A3_FD_1_40x_0011073_0045403,S.2016_26_A3_FD_1,40x,pos,2,44649f6a732cf47f,1168428,unknown,allowlist_default,
40x/S.2016_26_A3_FD_1_40x_0024748_0072368,S.2016_26_A3_FD_1,40x,pos,1,6804dfdc1c4af352,1513495,unknown,allowlist_default,
40x/S.2016_26_A3_FD_1_40x_0065047_0076789,S.2016_26_A3_FD_1,40x,pos,1,a01c1ae6229a1b7c,1572268,unknown,allowlist_default,
40x/S.2016_26_A3_FD_1_40x_0112196_0050429,S.2016_26_A3_FD_1,40x,pos,1,2789d72ed7b3b8e4,1511336,unknown,allowlist_default,
40x/S.2016_26_A3_FD_1_40x_0112956_0050662,S.2016_26_A3_FD_1,40x,pos,2,2af916bc06a86a0f,1447588,unknown,allowlist_default,
40x/S.2016_26_A3_FD_1_40x_0113271_0051498,S.2016_26_A3_FD_1,40x,pos,2,abc644dd4cf4b3dd,1465799,unknown,allowlist_default,
40x/S.2016_26_A3_FD_1_40x_0113394_0050644,S.2016_26_A3_FD_1,40x,pos,2,d397c7c6687a2759,1461520,unknown,allowlist_default,
40x/S.2016_26_A3_FD_1_40x_0114049_0050845,S.2016_26_A3_FD_1,40x,pos,2,38519ed574a35eb3,1425024,unknown,allowlist_default,
40x/S.2016_26_A3_FD_1_40x_0117166_0062497,S.2016_26_A3_FD_1,40x,pos,1,6c85cca49457ea04,1592023,unknown,allowlist_default,
40x/S.2723_26_A2_FD_1_40x_0018986_0035427,S.2723_26_A2_FD_1,40x,neg,0,e3b0c44298fc1c14,1575846,unknown,allowlist_default,
40x/S.2723_26_A2_FD_1_40x_0024843_0056082,S.2723_26_A2_FD_1,40x,pos,1,70c89b86e8c8de55,1509477,unknown,allowlist_default,
40x/S.2723_26_A2_FD_1_40x_0025377_0079149,S.2723_26_A2_FD_1,40x,pos,1,fe160fe93929c4bb,1520819,unknown,allowlist_default,
40x/S.2723_26_A2_FD_1_40x_0025856_0028986,S.2723_26_A2_FD_1,40x,pos,1,07209a2f0ada395e,1579565,unknown,allowlist_default,
40x/S.2723_26_A2_FD_1_40x_0028717_0025823,S.2723_26_A2_FD_1,40x,pos,1,8c8c314b9cfaf3e3,1539359,unknown,allowlist_default,
40x/S.2723_26_A2_FD_1_40x_0030085_0023855,S.2723_26_A2_FD_1,40x,pos,2,6a6501015cb2c840,1623324,unknown,allowlist_default,
40x/S.2723_26_A2_FD_1_40x_0030382_0023776,S.2723_26_A2_FD_1,40x,pos,2,a4b911e6820be2b9,1633982,unknown,allowlist_default,
40x/S.2723_26_A2_FD_1_40x_0032933_0058223,S.2723_26_A2_FD_1,40x,pos,2,e7df7ecc3afb7afe,1419034,unknown,allowlist_default,
40x/S.2723_26_A2_FD_1_40x_0036768_0059614,S.2723_26_A2_FD_1,40x,pos,1,b857e881ce749e1b,1323060,unknown,allowlist_default,
40x/S.2723_26_A2_FD_1_40x_0058560_0035697,S.2723_26_A2_FD_1,40x,pos,1,7ba00174fca957f2,1378386,unknown,allowlist_default,
40x/S.2723_26_A2_FD_1_40x_0059158_0057941,S.2723_26_A2_FD_1,40x,pos,1,667681941db3016c,1450250,unknown,allowlist_default,
40x/S.2723_26_A2_FD_1_40x_0124311_0048965,S.2723_26_A2_FD_1,40x,pos,1,9183c1ece3cb01b6,1583066,unknown,allowlist_default,
40x/S.2723_26_A2_FD_1_40x_0129510_0019112,S.2723_26_A2_FD_1,40x,pos,1,b430d03c8c04cc8f,1408514,unknown,allowlist_default,
40x/S.2723_26_A2_FD_1_40x_0132311_0051506,S.2723_26_A2_FD_1,40x,pos,2,928baff5c3ab5b52,1579361,unknown,allowlist_default,
40x/S.2723_26_A2_FD_1_40x_0133414_0010875,S.2723_26_A2_FD_1,40x,pos,1,4154f8ecb1cba610,1612362,unknown,allowlist_default,
40x/S.2723_26_A2_FD_1_40x_0133831_0006660,S.2723_26_A2_FD_1,40x,pos,1,7b7dcd02d0ad0c35,1513794,unknown,allowlist_default,
40x/S.2723_26_A2_FD_1_40x_0136034_0053086,S.2723_26_A2_FD_1,40x,pos,2,690b36d3c0c14f8d,1506309,unknown,allowlist_default,
40x/S.2723_26_CFD_1_40x_0011410_0043083,S.2723_26_CFD_1,40x,pos,10,9c1659f196ef7f85,1617132,yes,allowlist_default,
40x/S.2723_26_CFD_1_40x_0011570_0042967,S.2723_26_CFD_1,40x,pos,9,65b2c2ea1ff52dbf,1608182,yes,allowlist_default,
40x/S.2723_26_CFD_1_40x_0013198_0040291,S.2723_26_CFD_1,40x,pos,1,7c5554e00301e738,1691284,yes,allowlist_default,
40x/S.2723_26_CFD_1_40x_0017125_0025564,S.2723_26_CFD_1,40x,pos,5,f03d9cc7ef399b4a,1664920,yes,allowlist_default,
40x/S.2723_26_CFD_1_40x_0026924_0035539,S.2723_26_CFD_1,40x,pos,5,c522a10831b20653,1602391,yes,allowlist_default,
40x/S.2723_26_CFD_1_40x_0030731_0037546,S.2723_26_CFD_1,40x,pos,3,b8158d53a1bda4d8,1303728,yes,allowlist_default,
40x/S.2_723_26_A3_FD_1_40x_0009757_0065563,S.2_723_26_A3_FD_1,40x,pos,1,b8bd6452004a58d9,1151798,yes,allowlist_default,
40x/S.2_723_26_A3_FD_1_40x_0009838_0062692,S.2_723_26_A3_FD_1,40x,pos,1,5ab466b6f0f5e797,1232908,yes,allowlist_default,
40x/S.2_723_26_A3_FD_1_40x_0013829_0063213,S.2_723_26_A3_FD_1,40x,pos,1,64708d604f75356f,1244524,yes,allowlist_default,
40x/S.2_723_26_A3_FD_1_40x_0021890_0046257,S.2_723_26_A3_FD_1,40x,pos,1,fedeba075cc28dfd,1451357,yes,allowlist_default,
40x/S.2_723_26_A3_FD_1_40x_0023092_0040072,S.2_723_26_A3_FD_1,40x,pos,2,efd9091545801e0b,1577435,yes,allowlist_default,
40x/S.2_723_26_A3_FD_1_40x_0023358_0039947,S.2_723_26_A3_FD_1,40x,pos,2,5e95df802887ba5f,1585261,yes,allowlist_default,
40x/S.2_723_26_A3_FD_1_40x_0024446_0041533,S.2_723_26_A3_FD_1,40x,pos,1,bd6eeb3a47a67d4e,1602794,yes,allowlist_default,
40x/S.2_723_26_A3_FD_1_40x_0024870_0042279,S.2_723_26_A3_FD_1,40x,pos,1,0d3d2de269e3a17f,1623984,yes,allowlist_default,
40x/S.2_723_26_A3_FD_1_40x_0024921_0038202,S.2_723_26_A3_FD_1,40x,pos,1,439a69affbd7b4fa,1575699,yes,allowlist_default,
40x/S.2_723_26_A3_FD_1_40x_0025225_0041609,S.2_723_26_A3_FD_1,40x,pos,1,eaeb793e3d15e9d9,1585357,yes,allowlist_default,
40x/S.2_723_26_A3_FD_1_40x_0026099_0043372,S.2_723_26_A3_FD_1,40x,pos,1,c6671325b49fd3a5,1539810,yes,allowlist_default,
40x/S.2_723_26_A3_FD_1_40x_0026704_0042982,S.2_723_26_A3_FD_1,40x,pos,2,9fd55338779db940,1519808,yes,allowlist_default,
40x/S.2_723_26_A3_FD_1_40x_0026870_0035084,S.2_723_26_A3_FD_1,40x,pos,2,d39eba5c9c89eec6,1636675,yes,allowlist_default,
40x/S.2_723_26_A3_FD_1_40x_0026986_0043767,S.2_723_26_A3_FD_1,40x,pos,2,c1c46823b802de7d,1562889,yes,allowlist_default,
40x/S.2_723_26_A3_FD_1_40x_0027367_0035376,S.2_723_26_A3_FD_1,40x,pos,2,7d40e2e57017e56b,1420923,yes,allowlist_default,
40x/S.2_723_26_A3_FD_1_40x_0029621_0054581,S.2_723_26_A3_FD_1,40x,pos,2,f821c2539ef420da,1535215,yes,allowlist_default,
40x/S.2_723_26_A3_FD_1_40x_0029915_0054513,S.2_723_26_A3_FD_1,40x,pos,2,721424cf6dd55300,1468359,yes,allowlist_default,
40x/S.2_723_26_A3_FD_1_40x_0031262_0036172,S.2_723_26_A3_FD_1,40x,pos,1,d9e75495cd8a4006,1561369,yes,allowlist_default,
40x/S.2_723_26_A3_FD_1_40x_0032293_0043799,S.2_723_26_A3_FD_1,40x,pos,2,463810aca8b7c77e,1591170,yes,allowlist_default,
40x/S.2_723_26_A3_FD_1_40x_0034101_0045288,S.2_723_26_A3_FD_1,40x,pos,5,f004782b364d6169,1713529,yes,allowlist_default,
40x/S.2_723_26_A3_FD_1_40x_0034485_0045727,S.2_723_26_A3_FD_1,40x,pos,3,418815b578c1a735,1548422,yes,allowlist_default,
40x/S.2_723_26_A3_FD_1_40x_0034995_0067831,S.2_723_26_A3_FD_1,40x,pos,1,c24b9338ab94d5a8,1528959,yes,allowlist_default,
40x/S.2_723_26_A3_FD_1_40x_0035966_0057503,S.2_723_26_A3_FD_1,40x,pos,1,f44f7993211c16f2,1549952,yes,allowlist_default,
40x/S.2_723_26_A3_FD_1_40x_0039081_0059856,S.2_723_26_A3_FD_1,40x,pos,1,31ab76e28289528b,1418124,yes,allowlist_default,
40x/S.2_723_26_A3_FD_1_40x_0042637_0064303,S.2_723_26_A3_FD_1,40x,pos,1,e053172c0738071a,1617514,yes,allowlist_default,
40x/S.2_723_26_A3_FD_1_40x_0043856_0063815,S.2_723_26_A3_FD_1,40x,pos,1,7117bca65b2f9b22,1563684,yes,allowlist_default,
40x/S.2_723_26_A3_FD_1_40x_0045111_0064725,S.2_723_26_A3_FD_1,40x,pos,1,b17ed6ebc760c65c,1531202,yes,allowlist_default,
40x/S.2_723_26_A3_FD_1_40x_0047032_0066768,S.2_723_26_A3_FD_1,40x,pos,1,45d01842d2757035,1533538,yes,allowlist_default,
40x/S.2_723_26_A3_FD_1_40x_0047847_0064414,S.2_723_26_A3_FD_1,40x,pos,1,03d1785351042113,1664787,yes,allowlist_default,
40x/S.2_723_26_A3_FD_1_40x_0049014_0059856,S.2_723_26_A3_FD_1,40x,pos,1,bc46cd69f1344cd3,1551923,yes,allowlist_default,
40x/S.2_723_26_A3_FD_1_40x_0050196_0059706,S.2_723_26_A3_FD_1,40x,pos,1,a2ff053ad662477d,1517574,yes,allowlist_default,
40x/S.2_723_26_A3_FD_1_40x_0051816_0063716,S.2_723_26_A3_FD_1,40x,pos,1,48f9466c993dc1ad,1447070,yes,allowlist_default,
40x/S.2_723_26_A3_FD_1_40x_0057602_0058879,S.2_723_26_A3_FD_1,40x,pos,1,e52e866156f1a947,1574898,yes,allowlist_default,
40x/S.2_723_26_A3_FD_1_40x_0058522_0059184,S.2_723_26_A3_FD_1,40x,pos,1,a6a42d1a8be69397,1609569,yes,allowlist_default,
40x/S.2_723_26_A3_FD_1_40x_0059183_0072163,S.2_723_26_A3_FD_1,40x,pos,1,d55aabcfae207249,1685959,yes,allowlist_default,
40x/S.2_723_26_A3_FD_1_40x_0059186_0072783,S.2_723_26_A3_FD_1,40x,pos,1,cda370c96211e6cf,1568905,yes,allowlist_default,
40x/S.2_723_26_A3_FD_1_40x_0059611_0059552,S.2_723_26_A3_FD_1,40x,pos,1,c1f00ca03faf47f3,1589644,yes,allowlist_default,
40x/S.2_723_26_A3_FD_1_40x_0061857_0056967,S.2_723_26_A3_FD_1,40x,pos,2,dd4459775cee555c,1362331,yes,allowlist_default,
40x/S.2_723_26_A3_FD_1_40x_0061994_0056735,S.2_723_26_A3_FD_1,40x,pos,3,1d70658b57b40110,1509349,yes,allowlist_default,
40x/S.2_723_26_A3_FD_1_40x_0062219_0055801,S.2_723_26_A3_FD_1,40x,pos,2,30686221b1931928,1619343,yes,allowlist_default,
40x/S.2_723_26_A3_FD_1_40x_0062393_0055287,S.2_723_26_A3_FD_1,40x,pos,6,9ecd1e3001f1fe12,1709959,yes,allowlist_default,
40x/S.2_723_26_A3_FD_1_40x_0062433_0057158,S.2_723_26_A3_FD_1,40x,pos,5,ef941988a0df6e2f,1591143,yes,allowlist_default,
40x/S.2_723_26_A3_FD_1_40x_0062467_0055158,S.2_723_26_A3_FD_1,40x,pos,7,b3909d6efa1c1d4f,1707542,yes,allowlist_default,
40x/S.2_723_26_A3_FD_1_40x_0062619_0057223,S.2_723_26_A3_FD_1,40x,pos,5,2e02fcf9d14576c3,1633782,yes,allowlist_default,
40x/S.2_723_26_A3_FD_1_40x_0062670_0054531,S.2_723_26_A3_FD_1,40x,pos,6,d12314c1f54b3e7c,1569342,yes,allowlist_default,
40x/S.2_723_26_A3_FD_1_40x_0062766_0054616,S.2_723_26_A3_FD_1,40x,pos,7,61fa0dc60972ca14,1606734,yes,allowlist_default,
40x/S.2_723_26_A3_FD_1_40x_0062910_0056720,S.2_723_26_A3_FD_1,40x,pos,6,cee44c16951ae375,1711095,yes,allowlist_default,
40x/S.2_723_26_A3_FD_1_40x_0062937_0057317,S.2_723_26_A3_FD_1,40x,pos,5,c101cb602533bbb0,1631617,yes,allowlist_default,
40x/S.2_723_26_A3_FD_1_40x_0063135_0056926,S.2_723_26_A3_FD_1,40x,pos,8,2d67eed30d6876c9,1690833,yes,allowlist_default,
40x/S.2_723_26_A3_FD_1_40x_0063304_0056408,S.2_723_26_A3_FD_1,40x,pos,5,4184601f02e22be7,1633952,yes,allowlist_default,
40x/S.2_723_26_A3_FD_1_40x_0063368_0059548,S.2_723_26_A3_FD_1,40x,pos,1,5c15b60c40fac385,1573735,yes,allowlist_default,
40x/S.2_723_26_A3_FD_1_40x_0063544_0057090,S.2_723_26_A3_FD_1,40x,pos,7,2d3dde7f005274bf,1651835,yes,allowlist_default,
40x/S.2_723_26_A3_FD_1_40x_0063653_0056765,S.2_723_26_A3_FD_1,40x,pos,6,92825e7ae6b7120e,1608104,yes,allowlist_default,
40x/S.2_723_26_A3_FD_1_40x_0063656_0056883,S.2_723_26_A3_FD_1,40x,pos,6,3dc6926d71af32b6,1618708,yes,allowlist_default,
40x/S.2_723_26_A3_FD_1_40x_0063750_0058578,S.2_723_26_A3_FD_1,40x,pos,1,b78756c2ade57ac7,1539752,yes,allowlist_default,
40x/S.2_723_26_A3_FD_1_40x_0063804_0057061,S.2_723_26_A3_FD_1,40x,pos,4,c7ea0a9fddc55cf3,1619190,yes,allowlist_default,
40x/S.2_723_26_A3_FD_1_40x_0066575_0068493,S.2_723_26_A3_FD_1,40x,pos,1,d4e7eac5754f037d,1517423,yes,allowlist_default,
40x/S.2_723_26_A3_FD_1_40x_0068780_0062720,S.2_723_26_A3_FD_1,40x,pos,1,80a355f9df71b28d,1464396,yes,allowlist_default,
40x/S.2_723_26_A3_FD_1_40x_0069544_0061323,S.2_723_26_A3_FD_1,40x,pos,1,c25ca4062c45b5b4,1413993,yes,allowlist_default,
40x/S.2_723_26_A3_FD_1_40x_0070053_0062536,S.2_723_26_A3_FD_1,40x,pos,1,3038157cfe3a1c22,1454397,yes,allowlist_default,
40x/S.3152_26_A3FD_1_40x_0015047_0048169,S.3152_26_A3FD_1,40x,pos,1,106c9da52b24494b,1715574,unknown,allowlist_default,
40x/S.3152_26_A3FD_1_40x_0016392_0035859,S.3152_26_A3FD_1,40x,pos,1,12e544c4b9aa095e,1611999,unknown,allowlist_default,
40x/S.3152_26_A3FD_1_40x_0017279_0039082,S.3152_26_A3FD_1,40x,pos,1,e29439b951cc0109,1583786,unknown,allowlist_default,
40x/S.3152_26_A3FD_1_40x_0019468_0050586,S.3152_26_A3FD_1,40x,pos,1,3228a7fd1e88ac79,1544372,unknown,allowlist_default,
40x/S.3152_26_A3FD_1_40x_0020842_0044555,S.3152_26_A3FD_1,40x,pos,2,6750cbb3f7080423,1539512,unknown,allowlist_default,
40x/S.3152_26_A3FD_1_40x_0021292_0044322,S.3152_26_A3FD_1,40x,pos,2,0af84191e4833cd9,1510165,unknown,allowlist_default,
40x/S.3152_26_A3FD_1_40x_0021869_0023081,S.3152_26_A3FD_1,40x,pos,1,f94864808470047e,1638392,unknown,allowlist_default,
40x/S.3152_26_A3FD_1_40x_0023872_0050874,S.3152_26_A3FD_1,40x,pos,1,9357658e79dbe3bc,1412175,unknown,allowlist_default,
40x/S.3152_26_A3FD_1_40x_0027341_0057791,S.3152_26_A3FD_1,40x,neg,0,e3b0c44298fc1c14,1607475,unknown,allowlist_default,
40x/S.3152_26_A3FD_1_40x_0029131_0049126,S.3152_26_A3FD_1,40x,pos,1,14f61c4b7d65bdaa,1532658,unknown,allowlist_default,
40x/S.3152_26_A3FD_1_40x_0029477_0019838,S.3152_26_A3FD_1,40x,pos,1,bfcf7121f5f99295,1222598,unknown,allowlist_default,
40x/S.3152_26_A3FD_1_40x_0030072_0039236,S.3152_26_A3FD_1,40x,pos,1,3bbc046405c7e737,1702568,unknown,allowlist_default,
40x/S.3152_26_A3FD_1_40x_0031190_0037512,S.3152_26_A3FD_1,40x,neg,0,e3b0c44298fc1c14,1487750,unknown,allowlist_default,
40x/S.3152_26_A3FD_1_40x_0035495_0024197,S.3152_26_A3FD_1,40x,pos,1,b4520f30f04e0ae7,1503636,unknown,allowlist_default,
40x/S.3152_26_A3FD_1_40x_0035539_0042683,S.3152_26_A3FD_1,40x,pos,2,98b0c66506cf7044,1548923,unknown,allowlist_default,
40x/S.3152_26_A3FD_1_40x_0035740_0053375,S.3152_26_A3FD_1,40x,pos,2,2d1ffc141a43e5e0,1461318,unknown,allowlist_default,
40x/S.3152_26_A3FD_1_40x_0036057_0042228,S.3152_26_A3FD_1,40x,pos,2,5276a7313aba92c2,1592221,unknown,allowlist_default,
40x/S.3152_26_A3FD_1_40x_0036475_0017518,S.3152_26_A3FD_1,40x,pos,1,f004a0cc75f829bb,1532516,unknown,allowlist_default,
40x/S.3152_26_A3FD_1_40x_0037474_0018515,S.3152_26_A3FD_1,40x,pos,1,f35c5a9adccdc174,1600437,unknown,allowlist_default,
40x/S.3152_26_A3FD_1_40x_0037571_0045892,S.3152_26_A3FD_1,40x,pos,1,63eae5d7f0bce1e4,1553454,unknown,allowlist_default,
40x/S.3152_26_A3FD_1_40x_0038528_0054156,S.3152_26_A3FD_1,40x,pos,1,e99bcd56779cc64d,1604890,unknown,allowlist_default,
40x/S.3152_26_A3FD_1_40x_0038572_0045538,S.3152_26_A3FD_1,40x,pos,1,d6015c865c97ee31,1310244,unknown,allowlist_default,
40x/S.3152_26_A3FD_1_40x_0039618_0045669,S.3152_26_A3FD_1,40x,pos,1,022c61132d2326cc,1399312,unknown,allowlist_default,
40x/S.3152_26_A3FD_1_40x_0045893_0015510,S.3152_26_A3FD_1,40x,neg,0,e3b0c44298fc1c14,948097,unknown,allowlist_default,
40x/S.3152_26_A3FD_1_40x_0046166_0014145,S.3152_26_A3FD_1,40x,pos,2,df8bd6d564a557fc,1613899,unknown,allowlist_default,
40x/S.3152_26_A3FD_1_40x_0046427_0028352,S.3152_26_A3FD_1,40x,neg,0,e3b0c44298fc1c14,1216054,unknown,allowlist_default,
40x/S.3152_26_A3FD_1_40x_0047384_0028949,S.3152_26_A3FD_1,40x,pos,1,19ac161fd34b2b5e,1238875,unknown,allowlist_default,
40x/S.3152_26_A3FD_1_40x_0047591_0045826,S.3152_26_A3FD_1,40x,pos,3,f04c5a2d69e2ea43,1546586,unknown,allowlist_default,
40x/S.3152_26_A3FD_1_40x_0048191_0043857,S.3152_26_A3FD_1,40x,neg,0,e3b0c44298fc1c14,1431251,unknown,allowlist_default,
40x/S.3152_26_A3FD_1_40x_0048797_0045192,S.3152_26_A3FD_1,40x,pos,4,aa532572509c9f2e,1559546,unknown,allowlist_default,
40x/S.3152_26_A3FD_1_40x_0049998_0014115,S.3152_26_A3FD_1,40x,neg,0,e3b0c44298fc1c14,1494499,unknown,allowlist_default,
40x/S.3152_26_A3FD_1_40x_0050051_0050055,S.3152_26_A3FD_1,40x,pos,1,d911b2adc44467d6,1511858,unknown,allowlist_default,
40x/S.3152_26_A3FD_1_40x_0051094_0036650,S.3152_26_A3FD_1,40x,pos,2,81ed81e305376611,1476771,unknown,allowlist_default,
40x/S.3152_26_A3FD_1_40x_0054042_0021361,S.3152_26_A3FD_1,40x,neg,0,e3b0c44298fc1c14,1336208,unknown,allowlist_default,
40x/S.3152_26_A3FD_1_40x_0115288_0033155,S.3152_26_A3FD_1,40x,pos,3,1f7283bef053641c,1562771,unknown,allowlist_default,
40x/S.3152_26_A3FD_1_40x_0123198_0038441,S.3152_26_A3FD_1,40x,pos,2,8f44baf1d06aaf30,1603395,unknown,allowlist_default,
40x/S.3152_26_A3FD_1_40x_0123903_0040400,S.3152_26_A3FD_1,40x,pos,1,694401ea30484453,1575127,unknown,allowlist_default,
40x/S.3152_26_A3FD_1_40x_0124862_0049238,S.3152_26_A3FD_1,40x,pos,1,f59351efc80031fe,1525614,unknown,allowlist_default,
40x/S.3152_26_A3FD_1_40x_0128321_0022554,S.3152_26_A3FD_1,40x,pos,1,a96a245c13ca7d32,1652412,unknown,allowlist_default,
40x/S.3152_26_A3FD_1_40x_0131947_0046182,S.3152_26_A3FD_1,40x,pos,1,9f65f35eea836ac3,1540055,unknown,allowlist_default,
40x/S.3152_26_A3FD_1_40x_0133387_0056914,S.3152_26_A3FD_1,40x,pos,1,324cc8f5f3e86ee7,1565178,unknown,allowlist_default,
40x/S.3152_26_A3FD_1_40x_0134992_0048681,S.3152_26_A3FD_1,40x,pos,1,f34eacce203024d4,1547310,unknown,allowlist_default,
40x/S.3152_26_A3FD_1_40x_0136187_0019394,S.3152_26_A3FD_1,40x,neg,0,e3b0c44298fc1c14,1217415,unknown,allowlist_default,
40x/S.3152_26_A3FD_1_40x_0139965_0019010,S.3152_26_A3FD_1,40x,pos,1,fb8bf556baf4820b,1560665,unknown,allowlist_default,
40x/S.3152_26_A3FD_1_40x_0141611_0042339,S.3152_26_A3FD_1,40x,pos,2,f52d4c162ff1b014,1574458,unknown,allowlist_default,
40x/S.3152_26_A3FD_1_40x_0142153_0041891,S.3152_26_A3FD_1,40x,pos,2,4dae804ea7a20a50,1602152,unknown,allowlist_default,
40x/S.3152_26_A3FD_1_40x_0143553_0045612,S.3152_26_A3FD_1,40x,pos,1,b8c92930ab2c0733,1543970,unknown,allowlist_default,
40x/S.3152_26_A3FD_1_40x_0144285_0018225,S.3152_26_A3FD_1,40x,pos,1,ab366baac4a6b0a4,1599231,unknown,allowlist_default,
40x/S.3152_26_A3FD_1_40x_0144436_0053960,S.3152_26_A3FD_1,40x,pos,1,421e49359d0ff6f8,1593611,unknown,allowlist_default,
40x/S.3152_26_A3FD_1_40x_0144564_0045291,S.3152_26_A3FD_1,40x,pos,1,dfa4584a6df70133,1316706,unknown,allowlist_default,
40x/S.3152_26_A3FD_1_40x_0145243_0046261,S.3152_26_A3FD_1,40x,pos,1,a99ce78ae5548f31,1555189,unknown,allowlist_default,
40x/S.3152_26_A3FD_1_40x_0145659_0045440,S.3152_26_A3FD_1,40x,pos,1,97ea82203a5bc336,1424944,unknown,allowlist_default,
40x/S.3152_26_A3FD_1_40x_0147384_0011862,S.3152_26_A3FD_1,40x,pos,2,34e52d6e6ff0d49c,1585484,unknown,allowlist_default,
40x/S.3152_26_A3FD_1_40x_0152958_0037614,S.3152_26_A3FD_1,40x,pos,1,d96a6dc5efab23c9,1588149,unknown,allowlist_default,
40x/S.3152_26_A3FD_1_40x_0156660_0022935,S.3152_26_A3FD_1,40x,neg,0,e3b0c44298fc1c14,970987,unknown,allowlist_default,
40x/S.3152_26_A3FD_1_40x_0157264_0037078,S.3152_26_A3FD_1,40x,pos,1,8cdac75ac4510392,1488415,unknown,allowlist_default,
40x/S.3152_26_A3FD_1_40x_0157584_0036631,S.3152_26_A3FD_1,40x,pos,3,e01caa9eb636f1ce,1542950,unknown,allowlist_default,
40x/S.3152_26_A3FD_1_40x_0158441_0029523,S.3152_26_A3FD_1,40x,pos,1,c4ab89b2f4187164,1606906,unknown,allowlist_default,
40x/S.3152_26_A3FD_1_40x_0158635_0035922,S.3152_26_A3FD_1,40x,pos,1,2b78d31b9983e5d4,1625032,unknown,allowlist_default,
40x/S.3152_26_A3FD_1_40x_0158861_0024977,S.3152_26_A3FD_1,40x,pos,1,7661ead75547c93b,1425520,unknown,allowlist_default,
40x/S.3508_26_JFD_2_40x_0021516_0039050,S.3508_26_JFD_2,40x,val_pos,1,394cd80763634232,1634204,yes,allowlist_default,
40x/S.3508_26_JFD_2_40x_0021604_0034389,S.3508_26_JFD_2,40x,val_pos,2,a13ac84b9cde657c,1629016,yes,allowlist_default,
40x/S.3508_26_JFD_2_40x_0021777_0037208,S.3508_26_JFD_2,40x,val_pos,3,1503bea8e5e9d190,1679298,yes,allowlist_default,
40x/S.3508_26_JFD_2_40x_0021864_0036917,S.3508_26_JFD_2,40x,val_pos,3,a0ebbbca462e3830,1669576,yes,allowlist_default,
40x/S.3508_26_JFD_2_40x_0022213_0034945,S.3508_26_JFD_2,40x,val_pos,3,91e857e19b195612,1699196,yes,allowlist_default,
40x/S.3508_26_JFD_2_40x_0022758_0034438,S.3508_26_JFD_2,40x,val_pos,5,006f3d99502deea6,1731058,yes,allowlist_default,
40x/S.3508_26_JFD_2_40x_0022914_0034660,S.3508_26_JFD_2,40x,val_pos,4,c292dd7fac68d699,1709154,yes,allowlist_default,
40x/S.3508_26_JFD_2_40x_0023001_0034402,S.3508_26_JFD_2,40x,val_pos,5,6a5f5b97717e9bea,1712052,yes,allowlist_default,
40x/S.3508_26_JFD_2_40x_0023193_0039968,S.3508_26_JFD_2,40x,val_pos,3,7636f6f46c9cc9d6,1728406,yes,allowlist_default,
40x/S.3508_26_JFD_2_40x_0023240_0034551,S.3508_26_JFD_2,40x,val_pos,5,1a20394d8c6651d2,1693315,yes,allowlist_default,
40x/S.3508_26_JFD_2_40x_0023541_0039598,S.3508_26_JFD_2,40x,val_pos,3,53556a4f40acff21,1704673,yes,allowlist_default,
40x/S.3508_26_JFD_2_40x_0023720_0036286,S.3508_26_JFD_2,40x,val_pos,6,58c6143cd2db5008,1407684,yes,allowlist_default,
40x/S.3508_26_JFD_2_40x_0024028_0035878,S.3508_26_JFD_2,40x,val_pos,8,77405e3a8045707a,1589636,yes,allowlist_default,
40x/S.3508_26_JFD_2_40x_0024213_0035295,S.3508_26_JFD_2,40x,val_pos,5,830c4f4fe38154ec,1534469,yes,allowlist_default,
40x/S.3508_26_JFD_2_40x_0024245_0035519,S.3508_26_JFD_2,40x,val_pos,5,d4053355f6a67881,1610427,yes,allowlist_default,
40x/S.3508_26_JFD_2_40x_0024351_0040367,S.3508_26_JFD_2,40x,val_pos,1,9a17696200bafcf5,1679817,yes,allowlist_default,
40x/S.3508_26_JFD_2_40x_0024407_0035352,S.3508_26_JFD_2,40x,val_pos,5,354e5fb22342e220,1579826,yes,allowlist_default,
40x/S.3508_26_JFD_2_40x_0024486_0035157,S.3508_26_JFD_2,40x,val_pos,6,d8bc8da0ace5e4ed,1579020,yes,allowlist_default,
40x/S.3508_26_JFD_2_40x_0024612_0039421,S.3508_26_JFD_2,40x,val_pos,1,2db266cd0591d7b0,1676724,yes,allowlist_default,
40x/S.3508_26_JFD_2_40x_0024941_0035970,S.3508_26_JFD_2,40x,val_pos,2,992c045ed1f8147c,1667342,yes,allowlist_default,
40x/S.3508_26_JFD_2_40x_0025338_0034140,S.3508_26_JFD_2,40x,val_pos,1,8855606e53bb3f00,1682774,yes,allowlist_default,
40x/S.3508_26_JFD_2_40x_0025380_0042843,S.3508_26_JFD_2,40x,val_pos,2,fc4dbb5a1b45057a,1734362,yes,allowlist_default,
40x/S.3508_26_JFD_2_40x_0025470_0034888,S.3508_26_JFD_2,40x,val_pos,2,6ab014ddb6414df8,1626575,yes,allowlist_default,
40x/S.3508_26_JFD_2_40x_0025527_0035247,S.3508_26_JFD_2,40x,val_pos,2,5982a1f4a44a0e93,1611822,yes,allowlist_default,
40x/S.3508_26_JFD_2_40x_0025678_0042224,S.3508_26_JFD_2,40x,val_pos,3,b4c85728f3f3d98c,1638018,yes,allowlist_default,
40x/S.3508_26_JFD_2_40x_0025749_0042746,S.3508_26_JFD_2,40x,val_pos,4,836d4a0691b8dbbd,1745756,yes,allowlist_default,
40x/S.3508_26_JFD_2_40x_0026089_0042680,S.3508_26_JFD_2,40x,val_pos,3,853154182a1243ed,1698043,yes,allowlist_default,
40x/S.3508_26_JFD_2_40x_0026411_0050993,S.3508_26_JFD_2,40x,val_pos,1,48e4154e69017bf0,1693316,yes,allowlist_default,
40x/S.3508_26_JFD_2_40x_0026933_0044290,S.3508_26_JFD_2,40x,val_pos,3,dc2b2778a6d9a20d,1637773,yes,allowlist_default,
40x/S.3508_26_JFD_2_40x_0027103_0043894,S.3508_26_JFD_2,40x,val_pos,5,7e3277a82895d1fb,1709239,yes,allowlist_default,
40x/S.3508_26_JFD_2_40x_0027202_0043283,S.3508_26_JFD_2,40x,val_pos,2,75693828c95e85f0,1630320,yes,allowlist_default,
40x/S.3508_26_JFD_2_40x_0027520_0043963,S.3508_26_JFD_2,40x,val_pos,3,a390369fb97812c4,1704252,yes,allowlist_default,
40x/S.3508_26_JFD_2_40x_0035942_0050163,S.3508_26_JFD_2,40x,val_pos,5,81d6ba296c2e6251,1399104,yes,allowlist_default,
40x/S.3508_26_JFD_2_40x_0036018_0050350,S.3508_26_JFD_2,40x,val_pos,4,8657177f8086df47,1482254,yes,allowlist_default,
40x/S.3508_26_JFD_2_40x_0036039_0050558,S.3508_26_JFD_2,40x,val_pos,4,a896c8b6b810be5e,1558465,yes,allowlist_default,
40x/S.3508_26_JFD_2_40x_0036527_0054520,S.3508_26_JFD_2,40x,val_pos,5,0e704cc36639c5b3,1435806,yes,allowlist_default,
40x/S.3508_26_JFD_2_40x_0036736_0054624,S.3508_26_JFD_2,40x,val_pos,2,d569fd75e21d8324,1560129,yes,allowlist_default,
40x/S.3508_26_JFD_2_40x_0036859_0049235,S.3508_26_JFD_2,40x,val_pos,1,97b185923e3a5514,1591647,yes,allowlist_default,
40x/S.3508_26_JFD_2_40x_0037276_0050004,S.3508_26_JFD_2,40x,val_pos,1,2c7a2ee13dcf0531,1653904,yes,allowlist_default,
40x/S.3508_26_JFD_2_40x_0037522_0054252,S.3508_26_JFD_2,40x,val_pos,3,5a9cfa77160d7646,1485265,yes,allowlist_default,
40x/S.3508_26_JFD_2_40x_0037603_0054793,S.3508_26_JFD_2,40x,val_pos,4,3c05b87f7e50ba63,1459065,yes,allowlist_default,
40x/S.3508_26_JFD_2_40x_0037666_0055021,S.3508_26_JFD_2,40x,val_pos,2,e187e3ce641d5ec4,1422426,yes,allowlist_default,
40x/S.3508_26_JFD_2_40x_0037667_0051154,S.3508_26_JFD_2,40x,val_pos,3,bd314ed8386ccd21,1554093,yes,allowlist_default,
40x/S.3508_26_JFD_2_40x_0041005_0047268,S.3508_26_JFD_2,40x,val_pos,4,5a5fe65b2846c54a,1651818,yes,allowlist_default,
40x/S.3508_26_JFD_2_40x_0041460_0046634,S.3508_26_JFD_2,40x,val_pos,6,13a0cc8f91a19a05,1646505,yes,allowlist_default,
40x/S.3508_26_JFD_2_40x_0041636_0046481,S.3508_26_JFD_2,40x,val_pos,5,aba146e10dc97004,1645783,yes,allowlist_default,
40x/S.3508_26_JFD_2_40x_0043005_0041739,S.3508_26_JFD_2,40x,val_pos,1,ec12186cf8b9eda4,1685553,yes,allowlist_default,
40x/S.3508_26_JFD_2_40x_0043221_0042683,S.3508_26_JFD_2,40x,val_pos,4,4fd17e3df9812b13,1675284,yes,allowlist_default,
40x/S.3508_26_JFD_2_40x_0043671_0042079,S.3508_26_JFD_2,40x,val_pos,3,d41c4eb245d5d7ca,1656001,yes,allowlist_default,
40x/S.3508_26_JFD_2_40x_0043783_0042680,S.3508_26_JFD_2,40x,val_pos,4,3df8da2ac3251df6,1561322,yes,allowlist_default,
40x/S.3508_26_JFD_2_40x_0043917_0041702,S.3508_26_JFD_2,40x,val_pos,4,b69e40f8f4cef707,1626705,yes,allowlist_default,
40x/S.3508_26_JFD_2_40x_0044017_0041063,S.3508_26_JFD_2,40x,val_pos,1,174c7ed35ac344bb,1622569,yes,allowlist_default,
40x/S.3508_26_JFD_2_40x_0054145_0051090,S.3508_26_JFD_2,40x,val_pos,3,4d10d4afa7bd745b,1579990,yes,allowlist_default,
40x/S.3508_26_JFD_2_40x_0054370_0052451,S.3508_26_JFD_2,40x,val_pos,4,1df36a0d15d735f4,1698487,yes,allowlist_default,
40x/S.3508_26_JFD_2_40x_0054473_0052097,S.3508_26_JFD_2,40x,val_pos,5,f4dd06c24f2299df,1666776,yes,allowlist_default,
40x/S.3508_26_JFD_2_40x_0055962_0050560,S.3508_26_JFD_2,40x,val_pos,6,1f94219e93ef4479,1680793,yes,allowlist_default,
40x/S.3508_26_JFD_2_40x_0061196_0053417,S.3508_26_JFD_2,40x,val_pos,1,627e55acd0cdeff5,1617613,yes,allowlist_default,
40x/S.3508_26_JFD_2_40x_0066493_0033333,S.3508_26_JFD_2,40x,val_pos,1,3e3db411508118e3,1767848,yes,allowlist_default,
40x/S.3508_26_JFD_2_40x_0066778_0036177,S.3508_26_JFD_2,40x,val_pos,3,61394f52c467a344,1794875,yes,allowlist_default,
40x/S.3508_26_JFD_2_40x_0074190_0030955,S.3508_26_JFD_2,40x,val_pos,5,d1b8958c5d4f0b46,1568706,yes,allowlist_default,
5x/A2FD_1_5x_0021108_0052685,A2FD_1,5x,neg,0,e3b0c44298fc1c14,1564661,yes,allowlist_default,
5x/A2FD_1_5x_0050478_0064776,A2FD_1,5x,pos,1,e57d3bcff2b9987d,1293823,yes,allowlist_default,
5x/A2FD_1_5x_0050992_0020708,A2FD_1,5x,neg,0,e3b0c44298fc1c14,0,yes,allowlist_default,
5x/A2FD_1_5x_0168711_0026422,A2FD_1,5x,neg,0,e3b0c44298fc1c14,999674,yes,allowlist_default,
5x/A2FD_1_S.2058_26_5x_0008223_0030119,A2FD_1_S.2058_26,5x,pos,11,9260549c64922cd5,1951717,unknown,allowlist_default,
5x/A2FD_1_S.2058_26_5x_0037592_0076760,A2FD_1_S.2058_26,5x,neg,0,e3b0c44298fc1c14,549446,unknown,allowlist_default,
5x/A2FD_1_S.2058_26_5x_0040295_0015146,A2FD_1_S.2058_26,5x,neg,0,e3b0c44298fc1c14,0,unknown,allowlist_default,
5x/A2FD_1_S.2058_26_5x_0047569_0076251,A2FD_1_S.2058_26,5x,neg,0,e3b0c44298fc1c14,535440,unknown,allowlist_default,
5x/A2FD_1_S.2058_26_5x_0055413_0016977,A2FD_1_S.2058_26,5x,pos,1,23cd8f10446c8bd7,1389865,unknown,allowlist_default,
5x/A2FD_1_S.2058_26_5x_0095542_0079219,A2FD_1_S.2058_26,5x,neg,0,e3b0c44298fc1c14,656441,unknown,allowlist_default,
5x/A2FD_1_S.2058_26_5x_0112782_0037356,A2FD_1_S.2058_26,5x,pos,8,cb1459bfb5335d2a,1970268,unknown,allowlist_default,
5x/A2FD_1_S.2058_26_5x_0114074_0041786,A2FD_1_S.2058_26,5x,pos,6,80b47f3f917c6018,1917868,unknown,allowlist_default,
5x/A2FD_1_S.2058_26_5x_0158720_0020716,A2FD_1_S.2058_26,5x,pos,1,9bd9d3463093c850,1410528,unknown,allowlist_default,
5x/A3_FD_1_5x_0004957_0042418,A3_FD_1,5x,pos,2,140d3a4f452c3ba8,1297756,unknown,allowlist_default,
5x/A3_FD_1_5x_0106804_0032716,A3_FD_1,5x,neg,0,e3b0c44298fc1c14,1072220,unknown,allowlist_default,
5x/A3_FD_1_5x_0119464_0032863,A3_FD_1,5x,neg,0,e3b0c44298fc1c14,0,unknown,allowlist_default,
5x/A3_FD_1_5x_0124096_0025721,A3_FD_1,5x,neg,0,e3b0c44298fc1c14,1654713,unknown,allowlist_default,
5x/DFD_1_S.2016_26_5x_0014501_0078610,DFD_1_S.2016_26,5x,pos,1,7c77685c5923a3f3,1662434,unknown,allowlist_default,
5x/DFD_1_S.2016_26_5x_0119158_0084107,DFD_1_S.2016_26,5x,pos,1,6f3c192dd666de7a,1545505,unknown,allowlist_default,
5x/S.1471_26_FFD_1_5x_0122671_0058094,S.1471_26_FFD_1,5x,pos,2,f7694818f33ec737,1467690,unknown,allowlist_default,
5x/S.1471_26_FFD_1_5x_0126718_0057712,S.1471_26_FFD_1,5x,pos,5,35e6ccf190c3a08a,1856360,unknown,allowlist_default,
5x/S.1471_26_FFD_1_5x_0142390_0068815,S.1471_26_FFD_1,5x,pos,14,f05c72a9ccf12997,1659256,unknown,allowlist_default,
5x/S.2016_26_A2_FD_1_5x_0014430_0056223,S.2016_26_A2_FD_1,5x,neg,0,e3b0c44298fc1c14,0,yes,allowlist_default,
5x/S.2016_26_A2_FD_1_5x_0024595_0020017,S.2016_26_A2_FD_1,5x,neg,0,e3b0c44298fc1c14,1225099,yes,allowlist_default,
5x/S.2016_26_A2_FD_1_5x_0046774_0019618,S.2016_26_A2_FD_1,5x,neg,0,e3b0c44298fc1c14,1364100,yes,allowlist_default,
5x/S.2016_26_A2_FD_1_5x_0131290_0031291,S.2016_26_A2_FD_1,5x,pos,10,b7ac4c149573f79d,1830184,yes,allowlist_default,
5x/S.2016_26_A2_FD_1_5x_0135386_0035387,S.2016_26_A2_FD_1,5x,val_pos,1,21c1d48d2f4735b3,1839768,yes,allowlist_default,
5x/S.2016_26_A3_FD_1_5x_0000682_0066723,S.2016_26_A3_FD_1,5x,neg,0,e3b0c44298fc1c14,772416,unknown,allowlist_default,
5x/S.2016_26_A3_FD_1_5x_0081543_0023940,S.2016_26_A3_FD_1,5x,neg,0,e3b0c44298fc1c14,0,unknown,allowlist_default,
5x/S.2016_26_A3_FD_1_5x_0162885_0007986,S.2016_26_A3_FD_1,5x,neg,0,e3b0c44298fc1c14,1073244,unknown,allowlist_default,
5x/S.2723_26_A2_FD_1_5x_0005671_0030201,S.2723_26_A2_FD_1,5x,neg,0,e3b0c44298fc1c14,0,unknown,allowlist_default,
5x/S.2723_26_A2_FD_1_5x_0032080_0086584,S.2723_26_A2_FD_1,5x,neg,0,e3b0c44298fc1c14,0,unknown,allowlist_default,
5x/S.2723_26_A2_FD_1_5x_0044460_0009947,S.2723_26_A2_FD_1,5x,neg,0,e3b0c44298fc1c14,1113235,unknown,allowlist_default,
5x/S.2723_26_A2_FD_1_5x_0144456_0025818,S.2723_26_A2_FD_1,5x,neg,0,e3b0c44298fc1c14,1162612,unknown,allowlist_default,
5x/S.2723_26_A2_FD_1_5x_0148704_0056368,S.2723_26_A2_FD_1,5x,neg,0,e3b0c44298fc1c14,810924,unknown,allowlist_default,
5x/S.2723_26_BFD_1_5x_0042874_0067099,S.2723_26_BFD_1,5x,pos,13,926164e1e1f91dce,2027535,unknown,allowlist_default,
5x/S.2723_26_BFD_1_5x_0044325_0063976,S.2723_26_BFD_1,5x,pos,15,bef853de9a048538,2021142,unknown,allowlist_default,
5x/S.2723_26_BFD_1_5x_0063762_0024084,S.2723_26_BFD_1,5x,pos,3,c949e9b2bee2d7aa,1770290,unknown,allowlist_default,
5x/S.2723_26_BFD_1_5x_0065256_0061304,S.2723_26_BFD_1,5x,pos,7,4594c748b56f85de,1470347,unknown,allowlist_default,
5x/S.2723_26_BFD_1_5x_0065635_0050395,S.2723_26_BFD_1,5x,pos,5,23654351b6a86d10,1565086,unknown,allowlist_default,
5x/S.2723_26_BFD_1_5x_0065989_0056644,S.2723_26_BFD_1,5x,pos,6,15bbf4a227e3e3e1,1594846,unknown,allowlist_default,
5x/S.2723_26_BFD_1_5x_0066483_0042340,S.2723_26_BFD_1,5x,pos,2,c9ee4ebead7752ac,1454581,unknown,allowlist_default,
5x/S.2723_26_BFD_1_5x_0079210_0023055,S.2723_26_BFD_1,5x,pos,6,c6ffaa294254c757,1725309,unknown,allowlist_default,
5x/S.2723_26_BFD_1_5x_0092900_0065116,S.2723_26_BFD_1,5x,pos,1,58b98862c5875dff,1452028,unknown,allowlist_default,
5x/S.2723_26_BFD_1_5x_0097200_0044574,S.2723_26_BFD_1,5x,pos,2,7f4355b5364d1de3,1461936,unknown,allowlist_default,
5x/S.2723_26_BFD_1_5x_0138020_0052093,S.2723_26_BFD_1,5x,pos,13,d7de707b3588d8a6,2208712,unknown,allowlist_default,
5x/S.2723_26_BFD_1_5x_0140799_0057509,S.2723_26_BFD_1,5x,pos,14,430e8d6614bd3ee1,2188541,unknown,allowlist_default,
5x/S.2723_26_BFD_1_5x_0142661_0054737,S.2723_26_BFD_1,5x,pos,11,717b9d0cca5e1696,2186561,unknown,allowlist_default,
5x/S.2723_26_BFD_1_5x_0163439_0057518,S.2723_26_BFD_1,5x,pos,10,be8cc3d41708ccdf,1607855,unknown,allowlist_default,
5x/S.2723_26_BFD_1_5x_0165988_0046087,S.2723_26_BFD_1,5x,pos,3,e136689caf6c818f,1490734,unknown,allowlist_default,
5x/S.2723_26_BFD_1_5x_0167941_0038210,S.2723_26_BFD_1,5x,pos,3,aae3c654b6755168,1355308,unknown,allowlist_default,
5x/S.2723_26_BFD_1_5x_0168908_0020337,S.2723_26_BFD_1,5x,pos,13,36d20a3809124bb9,1740343,unknown,allowlist_default,
5x/S.2723_26_BFD_1_5x_0183950_0023025,S.2723_26_BFD_1,5x,pos,8,f780ffabd23ef0aa,1851119,unknown,allowlist_default,
5x/S.2723_26_BFD_1_5x_0191050_0065888,S.2723_26_BFD_1,5x,pos,1,addaa8e87da4ac9e,1485977,unknown,allowlist_default,
5x/S.2723_26_BFD_1_5x_0198520_0046286,S.2723_26_BFD_1,5x,pos,2,84b2bc4dbd665c32,1372224,unknown,allowlist_default,
5x/S.2723_26_E_FD_1_5x_0013917_0020645,S.2723_26_E_FD_1,5x,pos,10,f74daeecdfeebe77,2068502,unknown,allowlist_default,
5x/S.2723_26_E_FD_1_5x_0079109_0017509,S.2723_26_E_FD_1,5x,pos,6,781fedf9cab7c7de,1854193,unknown,allowlist_default,
5x/S.2723_26_E_FD_1_5x_0118156_0027714,S.2723_26_E_FD_1,5x,pos,7,933c37631d6dd364,2123861,unknown,allowlist_default,
5x/S.2_723_26_A3_FD_1_5x_0000128_0023899,S.2_723_26_A3_FD_1,5x,neg,0,e3b0c44298fc1c14,508635,yes,allowlist_default,
5x/S.2_723_26_A3_FD_1_5x_0004377_0068500,S.2_723_26_A3_FD_1,5x,neg,0,e3b0c44298fc1c14,692283,yes,allowlist_default,
5x/S.2_723_26_A3_FD_1_5x_0026783_0029016,S.2_723_26_A3_FD_1,5x,pos,1,dd34eeb47fdb6523,1459978,yes,allowlist_default,
5x/S.2_723_26_A3_FD_1_5x_0033560_0062436,S.2_723_26_A3_FD_1,5x,pos,3,89974db6a594274b,1163314,yes,allowlist_default,
5x/S.2_723_26_A3_FD_1_5x_0045212_0022982,S.2_723_26_A3_FD_1,5x,neg,0,e3b0c44298fc1c14,0,yes,allowlist_default,
5x/S.2_723_26_A3_FD_1_5x_0058593_0055156,S.2_723_26_A3_FD_1,5x,pos,1,197669787bec316e,1660630,yes,allowlist_default,
5x/S.2_723_26_A3_FD_1_5x_0129365_0012383,S.2_723_26_A3_FD_1,5x,pos,2,56bae640123f47a5,916137,yes,allowlist_default,
5x/S.2_723_26_A3_FD_1_5x_0165471_0001992,S.2_723_26_A3_FD_1,5x,pos,4,9a9b6596af5b4dd4,1252011,yes,allowlist_default,
5x/S.3152_26_A3FD_1_5x_0002795_0025409,S.3152_26_A3FD_1,5x,pos,3,96563e77e342a5ae,1243521,unknown,allowlist_default,
5x/S.3152_26_A3FD_1_5x_0009561_0022548,S.3152_26_A3FD_1,5x,pos,3,dcda0f62c71e98be,1271925,unknown,allowlist_default,
5x/S.3152_26_A3FD_1_5x_0013657_0026644,S.3152_26_A3FD_1,5x,neg,0,e3b0c44298fc1c14,0,unknown,allowlist_default,
5x/S.3152_26_A3FD_1_5x_0017007_0037897,S.3152_26_A3FD_1,5x,pos,2,985d23ae481d8181,1634935,unknown,allowlist_default,
5x/S.3152_26_A3FD_1_5x_0018180_0047275,S.3152_26_A3FD_1,5x,pos,1,4f9cda447975e896,1509400,unknown,allowlist_default,
5x/S.3152_26_A3FD_1_5x_0022276_0051371,S.3152_26_A3FD_1,5x,neg,0,e3b0c44298fc1c14,0,unknown,allowlist_default,
5x/S.3152_26_A3FD_1_5x_0024029_0014266,S.3152_26_A3FD_1,5x,neg,0,e3b0c44298fc1c14,0,unknown,allowlist_default,
5x/S.3152_26_A3FD_1_5x_0030976_0042367,S.3152_26_A3FD_1,5x,neg,0,e3b0c44298fc1c14,0,unknown,allowlist_default,
5x/S.3152_26_A3FD_1_5x_0034291_0039004,S.3152_26_A3FD_1,5x,neg,0,e3b0c44298fc1c14,0,unknown,allowlist_default,
5x/S.3152_26_A3FD_1_5x_0039321_0042581,S.3152_26_A3FD_1,5x,neg,0,e3b0c44298fc1c14,0,unknown,allowlist_default,
5x/S.3152_26_A3FD_1_5x_0115815_0023013,S.3152_26_A3FD_1,5x,pos,3,3b6bfd9c185f1305,1239558,unknown,allowlist_default,
5x/S.3152_26_A3FD_1_5x_0119911_0027109,S.3152_26_A3FD_1,5x,neg,0,e3b0c44298fc1c14,0,unknown,allowlist_default,
5x/S.3152_26_A3FD_1_5x_0120509_0036396,S.3152_26_A3FD_1,5x,pos,1,7eb6c4c455db8b88,1554845,unknown,allowlist_default,
5x/S.3152_26_A3FD_1_5x_0125400_0047017,S.3152_26_A3FD_1,5x,pos,1,fb331437317609da,1435372,unknown,allowlist_default,
5x/S.3152_26_A3FD_1_5x_0129496_0051113,S.3152_26_A3FD_1,5x,neg,0,e3b0c44298fc1c14,0,unknown,allowlist_default,
5x/S.3152_26_A3FD_1_5x_0130826_0012838,S.3152_26_A3FD_1,5x,neg,0,e3b0c44298fc1c14,0,unknown,allowlist_default,
5x/S.3152_26_A3FD_1_5x_0142051_0004521,S.3152_26_A3FD_1,5x,pos,1,29a02b6e0cae9e4e,1473496,unknown,allowlist_default,
5x/S.3152_26_A3FD_1_5x_0147890_0041640,S.3152_26_A3FD_1,5x,neg,0,e3b0c44298fc1c14,0,unknown,allowlist_default,
5x/S.3152_26_A3FD_1_5x_0150105_0020794,S.3152_26_A3FD_1,5x,neg,0,e3b0c44298fc1c14,1483435,unknown,allowlist_default,
5x/S.3152_26_A3FD_1_5x_0153848_0027460,S.3152_26_A3FD_1,5x,neg,0,e3b0c44298fc1c14,0,unknown,allowlist_default,
5x/S.3152_26_A3FD_1_5x_0154743_0011823,S.3152_26_A3FD_1,5x,neg,0,e3b0c44298fc1c14,0,unknown,allowlist_default,
5x/S.3508_26_EFD_1_5x_0000653_0021363,S.3508_26_EFD_1,5x,pos,6,760266a28257b21e,1187606,yes,allowlist_default,
5x/S.3508_26_EFD_1_5x_0068126_0019930,S.3508_26_EFD_1,5x,val_pos,1,c5b68f5e4b93bcbd,2305845,yes,allowlist_default,
5x/S.3508_26_EFD_1_5x_0099479_0017047,S.3508_26_EFD_1,5x,pos,11,6ff777c57cd4f45d,1341363,yes,allowlist_default,
5x/S.3508_26_EFD_1_5x_0111347_0027806,S.3508_26_EFD_1,5x,pos,11,f4acb2063d4cabf0,1992206,yes,allowlist_default,
5x/S.3508_26_JFD_2_5x_0063044_0028609,S.3508_26_JFD_2,5x,neg,0,e3b0c44298fc1c14,0,yes,allowlist_default,
5x/S.3508_26_JFD_2_5x_0104067_0031952,S.3508_26_JFD_2,5x,neg,0,e3b0c44298fc1c14,0,yes,allowlist_default,
5x/S.3508_26_JFD_2_5x_0105408_0021738,S.3508_26_JFD_2,5x,neg,0,e3b0c44298fc1c14,0,yes,allowlist_default,
